CD,Neighborhood,Bike_Commute_Pct,Bike_Commute_Count,NO2_Value,Pop_Density,Car_Commute_Pct,PM25_Value
001,Bronx,0.3545454545454545,"2,5892,5892,6872,6872,3182,3182,0562,0562,3162,3161,9091,9091,7261,7261,8041,8041,6701,6701,4771,4771,4181,418",18.56,50354,28.13636363636364,37.0
001,Bronx,0.3545454545454545,"2,5892,5892,6872,6872,3182,3182,0562,0562,3162,3161,9091,9091,7261,7261,8041,8041,6701,6701,4771,4771,4181,418",18.56,50354,28.13636363636364,12.0
001,Bronx,0.3545454545454545,"2,5892,5892,6872,6872,3182,3182,0562,0562,3162,3161,9091,9091,7261,7261,8041,8041,6701,6701,4771,4771,4181,418",18.56,50354,28.13636363636364,28.0
001,Bronx,0.3545454545454545,"2,5892,5892,6872,6872,3182,3182,0562,0562,3162,3161,9091,9091,7261,7261,8041,8041,6701,6701,4771,4771,4181,418",18.56,50354,28.13636363636364,62.0
001,Bronx,0.3545454545454545,"2,5892,5892,6872,6872,3182,3182,0562,0562,3162,3161,9091,9091,7261,7261,8041,8041,6701,6701,4771,4771,4181,418",18.56,50354,28.13636363636364,7.0
001,Bronx,0.3545454545454545,"2,5892,5892,6872,6872,3182,3182,0562,0562,3162,3161,9091,9091,7261,7261,8041,8041,6701,6701,4771,4771,4181,418",18.56,50354,28.13636363636364,10.0
001,Bronx,0.3545454545454545,"2,5892,5892,6872,6872,3182,3182,0562,0562,3162,3161,9091,9091,7261,7261,8041,8041,6701,6701,4771,4771,4181,418",18.56,50354,28.13636363636364,33.0
001,Bronx,0.3545454545454545,"2,5892,5892,6872,6872,3182,3182,0562,0562,3162,3161,9091,9091,7261,7261,8041,8041,6701,6701,4771,4771,4181,418",18.56,50354,28.13636363636364,108.0
001,Bronx,0.3545454545454545,"2,5892,5892,6872,6872,3182,3182,0562,0562,3162,3161,9091,9091,7261,7261,8041,8041,6701,6701,4771,4771,4181,418",18.56,50354,28.13636363636364,52.0
001,Bronx,0.3545454545454545,"2,5892,5892,6872,6872,3182,3182,0562,0562,3162,3161,9091,9091,7261,7261,8041,8041,6701,6701,4771,4771,4181,418",18.56,50354,28.13636363636364,12.0
001,Mott Haven/Hunts Point,0.4888888888888889,310310280280316316285285182182227227205205190190199199,18.56,50488,16.311111111111114,37.0
001,Mott Haven/Hunts Point,0.4888888888888889,310310280280316316285285182182227227205205190190199199,18.56,50488,16.311111111111114,12.0
001,Mott Haven/Hunts Point,0.4888888888888889,310310280280316316285285182182227227205205190190199199,18.56,50488,16.311111111111114,28.0
001,Mott Haven/Hunts Point,0.4888888888888889,310310280280316316285285182182227227205205190190199199,18.56,50488,16.311111111111114,62.0
001,Mott Haven/Hunts Point,0.4888888888888889,310310280280316316285285182182227227205205190190199199,18.56,50488,16.311111111111114,7.0
001,Mott Haven/Hunts Point,0.4888888888888889,310310280280316316285285182182227227205205190190199199,18.56,50488,16.311111111111114,10.0
001,Mott Haven/Hunts Point,0.4888888888888889,310310280280316316285285182182227227205205190190199199,18.56,50488,16.311111111111114,33.0
001,Mott Haven/Hunts Point,0.4888888888888889,310310280280316316285285182182227227205205190190199199,18.56,50488,16.311111111111114,108.0
001,Mott Haven/Hunts Point,0.4888888888888889,310310280280316316285285182182227227205205190190199199,18.56,50488,16.311111111111114,52.0
001,Mott Haven/Hunts Point,0.4888888888888889,310310280280316316285285182182227227205205190190199199,18.56,50488,16.311111111111114,12.0
001,New York City,1.0818181818181818,"54,91954,91951,64851,64850,27250,27247,43447,43447,04747,04743,95543,95539,85539,85537,00937,00932,87932,87928,45828,45826,19626,196",18.56,51081,27.0,37.0
001,New York City,1.0818181818181818,"54,91954,91951,64851,64850,27250,27247,43447,43447,04747,04743,95543,95539,85539,85537,00937,00932,87932,87928,45828,45826,19626,196",18.56,51081,27.0,12.0
001,New York City,1.0818181818181818,"54,91954,91951,64851,64850,27250,27247,43447,43447,04747,04743,95543,95539,85539,85537,00937,00932,87932,87928,45828,45826,19626,196",18.56,51081,27.0,28.0
001,New York City,1.0818181818181818,"54,91954,91951,64851,64850,27250,27247,43447,43447,04747,04743,95543,95539,85539,85537,00937,00932,87932,87928,45828,45826,19626,196",18.56,51081,27.0,62.0
001,New York City,1.0818181818181818,"54,91954,91951,64851,64850,27250,27247,43447,43447,04747,04743,95543,95539,85539,85537,00937,00932,87932,87928,45828,45826,19626,196",18.56,51081,27.0,7.0
001,New York City,1.0818181818181818,"54,91954,91951,64851,64850,27250,27247,43447,43447,04747,04743,95543,95539,85539,85537,00937,00932,87932,87928,45828,45826,19626,196",18.56,51081,27.0,10.0
001,New York City,1.0818181818181818,"54,91954,91951,64851,64850,27250,27247,43447,43447,04747,04743,95543,95539,85539,85537,00937,00932,87932,87928,45828,45826,19626,196",18.56,51081,27.0,33.0
001,New York City,1.0818181818181818,"54,91954,91951,64851,64850,27250,27247,43447,43447,04747,04743,95543,95539,85539,85537,00937,00932,87932,87928,45828,45826,19626,196",18.56,51081,27.0,108.0
001,New York City,1.0818181818181818,"54,91954,91951,64851,64850,27250,27247,43447,43447,04747,04743,95543,95539,85539,85537,00937,00932,87932,87928,45828,45826,19626,196",18.56,51081,27.0,52.0
001,New York City,1.0818181818181818,"54,91954,91951,64851,64850,27250,27247,43447,43447,04747,04743,95543,95539,85539,85537,00937,00932,87932,87928,45828,45826,19626,196",18.56,51081,27.0,12.0
002,Brooklyn,1.5818181818181818,"24,13422,71021,43920,37520,05819,30017,52516,35014,65712,97411,787",18.46,51581,23.081818181818186,35.0
002,Brooklyn,1.5818181818181818,"24,13422,71021,43920,37520,05819,30017,52516,35014,65712,97411,787",18.46,51581,23.081818181818186,11.0
002,Brooklyn,1.5818181818181818,"24,13422,71021,43920,37520,05819,30017,52516,35014,65712,97411,787",18.46,51581,23.081818181818186,54.0
002,Brooklyn,1.5818181818181818,"24,13422,71021,43920,37520,05819,30017,52516,35014,65712,97411,787",18.46,51581,23.081818181818186,30.0
002,Brooklyn,1.5818181818181818,"24,13422,71021,43920,37520,05819,30017,52516,35014,65712,97411,787",18.46,51581,23.081818181818186,7.0
002,Morrisania/East Tremont,0.4111111111111111,985873178218317323353349,18.46,50411,20.58888888888889,35.0
002,Morrisania/East Tremont,0.4111111111111111,985873178218317323353349,18.46,50411,20.58888888888889,11.0
002,Morrisania/East Tremont,0.4111111111111111,985873178218317323353349,18.46,50411,20.58888888888889,54.0
002,Morrisania/East Tremont,0.4111111111111111,985873178218317323353349,18.46,50411,20.58888888888889,30.0
002,Morrisania/East Tremont,0.4111111111111111,985873178218317323353349,18.46,50411,20.58888888888889,7.0
003,Highbridge/South Concourse,0.3777777777777777,221203264107163236210181153,24.55,50377,17.711111111111112,28.0
003,Highbridge/South Concourse,0.3777777777777777,221203264107163236210181153,24.55,50377,17.711111111111112,6.0
003,Highbridge/South Concourse,0.3777777777777777,221203264107163236210181153,24.55,50377,17.711111111111112,71.0
003,Highbridge/South Concourse,0.3777777777777777,221203264107163236210181153,24.55,50377,17.711111111111112,9.0
003,Highbridge/South Concourse,0.3777777777777777,221203264107163236210181153,24.55,50377,17.711111111111112,33.0
003,Manhattan,1.7909090909090908,"20,70619,78620,04819,01218,65616,56314,54712,86311,1669,3508,558",24.55,51790,8.1,28.0
003,Manhattan,1.7909090909090908,"20,70619,78620,04819,01218,65616,56314,54712,86311,1669,3508,558",24.55,51790,8.1,6.0
003,Manhattan,1.7909090909090908,"20,70619,78620,04819,01218,65616,56314,54712,86311,1669,3508,558",24.55,51790,8.1,71.0
003,Manhattan,1.7909090909090908,"20,70619,78620,04819,01218,65616,56314,54712,86311,1669,3508,558",24.55,51790,8.1,9.0
003,Manhattan,1.7909090909090908,"20,70619,78620,04819,01218,65616,56314,54712,86311,1669,3508,558",24.55,51790,8.1,33.0
004,Queens,0.5,"7,0826,1156,0085,5115,6605,9205,7155,7335,2024,3574,132",17.85,50500,38.63636363636363,8.0
004,Queens,0.5,"7,0826,1156,0085,5115,6605,9205,7155,7335,2024,3574,132",17.85,50500,38.63636363636363,5.0
004,Queens,0.5,"7,0826,1156,0085,5115,6605,9205,7155,7335,2024,3574,132",17.85,50500,38.63636363636363,27.0
004,Queens,0.5,"7,0826,1156,0085,5115,6605,9205,7155,7335,2024,3574,132",17.85,50500,38.63636363636363,40.0
004,Queens,0.5,"7,0826,1156,0085,5115,6605,9205,7155,7335,2024,3574,132",17.85,50500,38.63636363636363,14.0
004,University Heights/Fordham,0.2111111111111111,2262222271256935604466,17.85,50211,18.422222222222224,8.0
004,University Heights/Fordham,0.2111111111111111,2262222271256935604466,17.85,50211,18.422222222222224,5.0
004,University Heights/Fordham,0.2111111111111111,2262222271256935604466,17.85,50211,18.422222222222224,27.0
004,University Heights/Fordham,0.2111111111111111,2262222271256935604466,17.85,50211,18.422222222222224,40.0
004,University Heights/Fordham,0.2111111111111111,2262222271256935604466,17.85,50211,18.422222222222224,14.0
005,Kingsbridge Heights/Mosholu,0.2888888888888889,322215160156122123998378,13.37,50288,18.211111111111112,19.0
005,Kingsbridge Heights/Mosholu,0.2888888888888889,322215160156122123998378,13.37,50288,18.211111111111112,11.0
005,Kingsbridge Heights/Mosholu,0.2888888888888889,322215160156122123998378,13.37,50288,18.211111111111112,43.0
005,Kingsbridge Heights/Mosholu,0.2888888888888889,322215160156122123998378,13.37,50288,18.211111111111112,30.0
005,Kingsbridge Heights/Mosholu,0.2888888888888889,322215160156122123998378,13.37,50288,18.211111111111112,10.0
005,Staten Island,0.1545454545454545,408350459480357263342259184300301,13.37,50154,64.04545454545455,19.0
005,Staten Island,0.1545454545454545,408350459480357263342259184300301,13.37,50154,64.04545454545455,11.0
005,Staten Island,0.1545454545454545,408350459480357263342259184300301,13.37,50154,64.04545454545455,43.0
005,Staten Island,0.1545454545454545,408350459480357263342259184300301,13.37,50154,64.04545454545455,30.0
005,Staten Island,0.1545454545454545,408350459480357263342259184300301,13.37,50154,64.04545454545455,10.0
101,Financial District (CD1),2.2111111111111112,"2,8622,8622,8623,0393,0393,0393,0013,0013,0012,6152,6152,6152,3642,3642,3641,7831,7831,7831,1141,1141,1141,0581,0581,0581,0541,0541,054",20.166666666666668,52211,6.033333333333333,48.0
101,Financial District (CD1),2.2111111111111112,"2,8622,8622,8623,0393,0393,0393,0013,0013,0012,6152,6152,6152,3642,3642,3641,7831,7831,7831,1141,1141,1141,0581,0581,0581,0541,0541,054",20.166666666666668,52211,6.033333333333333,16.0
101,Financial District (CD1),2.2111111111111112,"2,8622,8622,8623,0393,0393,0393,0013,0013,0012,6152,6152,6152,3642,3642,3641,7831,7831,7831,1141,1141,1141,0581,0581,0581,0541,0541,054",20.166666666666668,52211,6.033333333333333,9.0
101,Financial District (CD1),2.2111111111111112,"2,8622,8622,8623,0393,0393,0393,0013,0013,0012,6152,6152,6152,3642,3642,3641,7831,7831,7831,1141,1141,1141,0581,0581,0581,0541,0541,054",20.166666666666668,52211,6.033333333333333,10.0
101,Financial District (CD1),2.2111111111111112,"2,8622,8622,8623,0393,0393,0393,0013,0013,0012,6152,6152,6152,3642,3642,3641,7831,7831,7831,1141,1141,1141,0581,0581,0581,0541,0541,054",20.166666666666668,52211,6.033333333333333,50.0
101,Kingsbridge - Riverdale,0.5727272727272726,117117117354354354195195195215215215309309309355355355319319319237237237216216216122122122100100100,20.166666666666668,50572,33.09090909090909,48.0
101,Kingsbridge - Riverdale,0.5727272727272726,117117117354354354195195195215215215309309309355355355319319319237237237216216216122122122100100100,20.166666666666668,50572,33.09090909090909,16.0
101,Kingsbridge - Riverdale,0.5727272727272726,117117117354354354195195195215215215309309309355355355319319319237237237216216216122122122100100100,20.166666666666668,50572,33.09090909090909,9.0
101,Kingsbridge - Riverdale,0.5727272727272726,117117117354354354195195195215215215309309309355355355319319319237237237216216216122122122100100100,20.166666666666668,50572,33.09090909090909,10.0
101,Kingsbridge - Riverdale,0.5727272727272726,117117117354354354195195195215215215309309309355355355319319319237237237216216216122122122100100100,20.166666666666668,50572,33.09090909090909,50.0
102,Greenwich Village and Soho (CD2),2.2111111111111112,"2,8622,8622,8623,0393,0393,0393,0013,0013,0012,6152,6152,6152,3642,3642,3641,7831,7831,7831,1141,1141,1141,0581,0581,0581,0541,0541,054",21.14,52211,6.033333333333333,39.0
102,Greenwich Village and Soho (CD2),2.2111111111111112,"2,8622,8622,8623,0393,0393,0393,0013,0013,0012,6152,6152,6152,3642,3642,3641,7831,7831,7831,1141,1141,1141,0581,0581,0581,0541,0541,054",21.14,52211,6.033333333333333,10.0
102,Greenwich Village and Soho (CD2),2.2111111111111112,"2,8622,8622,8623,0393,0393,0393,0013,0013,0012,6152,6152,6152,3642,3642,3641,7831,7831,7831,1141,1141,1141,0581,0581,0581,0541,0541,054",21.14,52211,6.033333333333333,36.0
102,Greenwich Village and Soho (CD2),2.2111111111111112,"2,8622,8622,8623,0393,0393,0393,0013,0013,0012,6152,6152,6152,3642,3642,3641,7831,7831,7831,1141,1141,1141,0581,0581,0581,0541,0541,054",21.14,52211,6.033333333333333,81.0
102,Greenwich Village and Soho (CD2),2.2111111111111112,"2,8622,8622,8623,0393,0393,0393,0013,0013,0012,6152,6152,6152,3642,3642,3641,7831,7831,7831,1141,1141,1141,0581,0581,0581,0541,0541,054",21.14,52211,6.033333333333333,10.0
102,Northeast Bronx,0.1818181818181818,212212212241241241260260260224224224248248248157157157114114114868686808080898989113113113,21.14,50181,42.20909090909091,39.0
102,Northeast Bronx,0.1818181818181818,212212212241241241260260260224224224248248248157157157114114114868686808080898989113113113,21.14,50181,42.20909090909091,10.0
102,Northeast Bronx,0.1818181818181818,212212212241241241260260260224224224248248248157157157114114114868686808080898989113113113,21.14,50181,42.20909090909091,36.0
102,Northeast Bronx,0.1818181818181818,212212212241241241260260260224224224248248248157157157114114114868686808080898989113113113,21.14,50181,42.20909090909091,81.0
102,Northeast Bronx,0.1818181818181818,212212212241241241260260260224224224248248248157157157114114114868686808080898989113113113,21.14,50181,42.20909090909091,10.0
103,Fordham - Bronx Pk,0.4272727272727272,637637637519519519588588588529529529521521521466466466403403403346346346325325325241241241286286286,20.65,50427,20.2,49.0
103,Fordham - Bronx Pk,0.4272727272727272,637637637519519519588588588529529529521521521466466466403403403346346346325325325241241241286286286,20.65,50427,20.2,112.0
103,Fordham - Bronx Pk,0.4272727272727272,637637637519519519588588588529529529521521521466466466403403403346346346325325325241241241286286286,20.65,50427,20.2,11.0
103,Fordham - Bronx Pk,0.4272727272727272,637637637519519519588588588529529529521521521466466466403403403346346346325325325241241241286286286,20.65,50427,20.2,12.0
103,Fordham - Bronx Pk,0.4272727272727272,637637637519519519588588588529529529521521521466466466403403403346346346325325325241241241286286286,20.65,50427,20.2,35.0
103,Lower East Side and Chinatown (CD3),4.388888888888889,"3,9953,9953,9954,3004,3004,3003,8763,8763,8763,4623,4623,4623,4313,4313,4313,3803,3803,3802,8212,8212,8212,6162,6162,6162,2252,2252,225",20.65,54388,7.355555555555555,49.0
103,Lower East Side and Chinatown (CD3),4.388888888888889,"3,9953,9953,9954,3004,3004,3003,8763,8763,8763,4623,4623,4623,4313,4313,4313,3803,3803,3802,8212,8212,8212,6162,6162,6162,2252,2252,225",20.65,54388,7.355555555555555,112.0
103,Lower East Side and Chinatown (CD3),4.388888888888889,"3,9953,9953,9954,3004,3004,3003,8763,8763,8763,4623,4623,4623,4313,4313,4313,3803,3803,3802,8212,8212,8212,6162,6162,6162,2252,2252,225",20.65,54388,7.355555555555555,11.0
103,Lower East Side and Chinatown (CD3),4.388888888888889,"3,9953,9953,9954,3004,3004,3003,8763,8763,8763,4623,4623,4623,4313,4313,4313,3803,3803,3802,8212,8212,8212,6162,6162,6162,2252,2252,225",20.65,54388,7.355555555555555,12.0
103,Lower East Side and Chinatown (CD3),4.388888888888889,"3,9953,9953,9954,3004,3004,3003,8763,8763,8763,4623,4623,4623,4313,4313,4313,3803,3803,3802,8212,8212,8212,6162,6162,6162,2252,2252,225",20.65,54388,7.355555555555555,35.0
104,Clinton and Chelsea (CD4),2.1666666666666665,"2,8902,8902,8902,7952,7952,7952,9582,9582,9582,4652,4652,4652,1162,1162,1161,8691,8691,8691,6591,6591,6591,1601,1601,1601,0541,0541,054",21.36,52166,5.555555555555555,80.0
104,Clinton and Chelsea (CD4),2.1666666666666665,"2,8902,8902,8902,7952,7952,7952,9582,9582,9582,4652,4652,4652,1162,1162,1161,8691,8691,8691,6591,6591,6591,1601,1601,1601,0541,0541,054",21.36,52166,5.555555555555555,34.0
104,Clinton and Chelsea (CD4),2.1666666666666665,"2,8902,8902,8902,7952,7952,7952,9582,9582,9582,4652,4652,4652,1162,1162,1161,8691,8691,8691,6591,6591,6591,1601,1601,1601,0541,0541,054",21.36,52166,5.555555555555555,37.0
104,Clinton and Chelsea (CD4),2.1666666666666665,"2,8902,8902,8902,7952,7952,7952,9582,9582,9582,4652,4652,4652,1162,1162,1161,8691,8691,8691,6591,6591,6591,1601,1601,1601,0541,0541,054",21.36,52166,5.555555555555555,11.0
104,Clinton and Chelsea (CD4),2.1666666666666665,"2,8902,8902,8902,7952,7952,7952,9582,9582,9582,4652,4652,4652,1162,1162,1161,8691,8691,8691,6591,6591,6591,1601,1601,1601,0541,0541,054",21.36,52166,5.555555555555555,10.0
104,Pelham - Throgs Neck,0.3545454545454545,577577577487487487439439439343343343448448448409409409467467467534534534484484484433433433391391391,21.36,50354,37.49090909090909,80.0
104,Pelham - Throgs Neck,0.3545454545454545,577577577487487487439439439343343343448448448409409409467467467534534534484484484433433433391391391,21.36,50354,37.49090909090909,34.0
104,Pelham - Throgs Neck,0.3545454545454545,577577577487487487439439439343343343448448448409409409467467467534534534484484484433433433391391391,21.36,50354,37.49090909090909,37.0
104,Pelham - Throgs Neck,0.3545454545454545,577577577487487487439439439343343343448448448409409409467467467534534534484484484433433433391391391,21.36,50354,37.49090909090909,11.0
104,Pelham - Throgs Neck,0.3545454545454545,577577577487487487439439439343343343448448448409409409467467467534534534484484484433433433391391391,21.36,50354,37.49090909090909,10.0
105,Crotona -Tremont,0.3,324324310310291291264264247247183183105105189189188188227227200200,26.56,50300,21.13636363636364,119.0
105,Crotona -Tremont,0.3,324324310310291291264264247247183183105105189189188188227227200200,26.56,50300,21.13636363636364,67.0
105,Crotona -Tremont,0.3,324324310310291291264264247247183183105105189189188188227227200200,26.56,50300,21.13636363636364,13.0
105,Crotona -Tremont,0.3,324324310310291291264264247247183183105105189189188188227227200200,26.56,50300,21.13636363636364,34.0
105,Crotona -Tremont,0.3,324324310310291291264264247247183183105105189189188188227227200200,26.56,50300,21.13636363636364,13.0
105,Midtown (CD5),2.1666666666666665,"2,8902,8902,7952,7952,9582,9582,4652,4652,1162,1161,8691,8691,6591,6591,1601,1601,0541,054",26.56,52166,5.555555555555555,119.0
105,Midtown (CD5),2.1666666666666665,"2,8902,8902,7952,7952,9582,9582,4652,4652,1162,1161,8691,8691,6591,6591,1601,1601,0541,054",26.56,52166,5.555555555555555,67.0
105,Midtown (CD5),2.1666666666666665,"2,8902,8902,7952,7952,9582,9582,4652,4652,1162,1161,8691,8691,6591,6591,1601,1601,0541,054",26.56,52166,5.555555555555555,13.0
105,Midtown (CD5),2.1666666666666665,"2,8902,8902,7952,7952,9582,9582,4652,4652,1162,1161,8691,8691,6591,6591,1601,1601,0541,054",26.56,52166,5.555555555555555,34.0
105,Midtown (CD5),2.1666666666666665,"2,8902,8902,7952,7952,9582,9582,4652,4652,1162,1161,8691,8691,6591,6591,1601,1601,0541,054",26.56,52166,5.555555555555555,13.0
106,High Bridge - Morrisania,0.3,393393277277237237216216283283138138190190235235216216208208168168,25.05,50300,17.518181818181816,78.0
106,High Bridge - Morrisania,0.3,393393277277237237216216283283138138190190235235216216208208168168,25.05,50300,17.518181818181816,37.0
106,High Bridge - Morrisania,0.3,393393277277237237216216283283138138190190235235216216208208168168,25.05,50300,17.518181818181816,13.0
106,High Bridge - Morrisania,0.3,393393277277237237216216283283138138190190235235216216208208168168,25.05,50300,17.518181818181816,138.0
106,High Bridge - Morrisania,0.3,393393277277237237216216283283138138190190235235216216208208168168,25.05,50300,17.518181818181816,15.0
106,Stuyvesant Town and Turtle Bay (CD6),1.5,"2,0602,0601,6521,6521,9071,9071,8171,8171,3761,3761,4451,4451,2321,232613613524524",25.05,51500,6.466666666666667,78.0
106,Stuyvesant Town and Turtle Bay (CD6),1.5,"2,0602,0601,6521,6521,9071,9071,8171,8171,3761,3761,4451,4451,2321,232613613524524",25.05,51500,6.466666666666667,37.0
106,Stuyvesant Town and Turtle Bay (CD6),1.5,"2,0602,0601,6521,6521,9071,9071,8171,8171,3761,3761,4451,4451,2321,232613613524524",25.05,51500,6.466666666666667,13.0
106,Stuyvesant Town and Turtle Bay (CD6),1.5,"2,0602,0601,6521,6521,9071,9071,8171,8171,3761,3761,4451,4451,2321,232613613524524",25.05,51500,6.466666666666667,138.0
106,Stuyvesant Town and Turtle Bay (CD6),1.5,"2,0602,0601,6521,6521,9071,9071,8171,8171,3761,3761,4451,4451,2321,232613613524524",25.05,51500,6.466666666666667,15.0
107,Hunts Point - Mott Haven,0.5909090909090909,329329499499325325281281334334297297204204250250234234184184199199,21.89,50590,17.727272727272727,83.0
107,Hunts Point - Mott Haven,0.5909090909090909,329329499499325325281281334334297297204204250250234234184184199199,21.89,50590,17.727272727272727,147.0
107,Hunts Point - Mott Haven,0.5909090909090909,329329499499325325281281334334297297204204250250234234184184199199,21.89,50590,17.727272727272727,15.0
107,Hunts Point - Mott Haven,0.5909090909090909,329329499499325325281281334334297297204204250250234234184184199199,21.89,50590,17.727272727272727,39.0
107,Hunts Point - Mott Haven,0.5909090909090909,329329499499325325281281334334297297204204250250234234184184199199,21.89,50590,17.727272727272727,14.0
107,Upper West Side (CD7),1.6111111111111112,"2,7702,7702,3602,3602,1432,1431,7021,7021,4401,4401,2101,2101,3721,3721,3091,3091,3401,340",21.89,51611,7.477777777777778,83.0
107,Upper West Side (CD7),1.6111111111111112,"2,7702,7702,3602,3602,1432,1431,7021,7021,4401,4401,2101,2101,3721,3721,3091,3091,3401,340",21.89,51611,7.477777777777778,147.0
107,Upper West Side (CD7),1.6111111111111112,"2,7702,7702,3602,3602,1432,1431,7021,7021,4401,4401,2101,2101,3721,3721,3091,3091,3401,340",21.89,51611,7.477777777777778,15.0
107,Upper West Side (CD7),1.6111111111111112,"2,7702,7702,3602,3602,1432,1431,7021,7021,4401,4401,2101,2101,3721,3721,3091,3091,3401,340",21.89,51611,7.477777777777778,39.0
107,Upper West Side (CD7),1.6111111111111112,"2,7702,7702,3602,3602,1432,1431,7021,7021,4401,4401,2101,2101,3721,3721,3091,3091,3401,340",21.89,51611,7.477777777777778,14.0
108,Upper East Side (CD8),0.8333333333333334,"1,7971,7321,5961,2471,100688455416430",25.14,50833,9.355555555555556,
109,Morningside Heights and Hamilton Heights (CD9),1.3111111111111111,"1,3291,0291,014985698585594558419",22.44,51311,8.0,
110,Central Harlem (CD10),0.8666666666666667,628631651616521438416371282,22.74,50866,10.366666666666667,
111,East Harlem (CD11),1.3555555555555554,716593517595725694797614593,22.33,51355,8.355555555555556,
112,Washington Heights and Inwood (CD12),0.8222222222222223,"1,0018819931,059776771706635637",20.14,50822,13.3,
201,Greenpoint,3.4,"2,6182,6182,6183,2373,2373,2372,8382,8382,8382,4292,4292,4292,5902,5902,5902,4222,4222,4222,3692,3692,3692,1532,1532,1531,9521,9521,9521,7131,7131,7131,6301,6301,630",21.21,53400,12.418181818181818,21.0
201,Greenpoint,3.4,"2,6182,6182,6183,2373,2373,2372,8382,8382,8382,4292,4292,4292,5902,5902,5902,4222,4222,4222,3692,3692,3692,1532,1532,1531,9521,9521,9521,7131,7131,7131,6301,6301,630",21.21,53400,12.418181818181818,8.0
201,Greenpoint,3.4,"2,6182,6182,6183,2373,2373,2372,8382,8382,8382,4292,4292,4292,5902,5902,5902,4222,4222,4222,3692,3692,3692,1532,1532,1531,9521,9521,9521,7131,7131,7131,6301,6301,630",21.21,53400,12.418181818181818,33.0
201,Greenpoint,3.4,"2,6182,6182,6183,2373,2373,2372,8382,8382,8382,4292,4292,4292,5902,5902,5902,4222,4222,4222,3692,3692,3692,1532,1532,1531,9521,9521,9521,7131,7131,7131,6301,6301,630",21.21,53400,12.418181818181818,14.0
201,Greenpoint,3.4,"2,6182,6182,6183,2373,2373,2372,8382,8382,8382,4292,4292,4292,5902,5902,5902,4222,4222,4222,3692,3692,3692,1532,1532,1531,9521,9521,9521,7131,7131,7131,6301,6301,630",21.21,53400,12.418181818181818,4.0
201,Mott Haven and Melrose (CD1),0.4888888888888889,310310310280280280316316316285285285182182182227227227205205205190190190199199199,21.210000000000004,50488,16.3,21.0
201,Mott Haven and Melrose (CD1),0.4888888888888889,310310310280280280316316316285285285182182182227227227205205205190190190199199199,21.210000000000004,50488,16.3,8.0
201,Mott Haven and Melrose (CD1),0.4888888888888889,310310310280280280316316316285285285182182182227227227205205205190190190199199199,21.210000000000004,50488,16.3,33.0
201,Mott Haven and Melrose (CD1),0.4888888888888889,310310310280280280316316316285285285182182182227227227205205205190190190199199199,21.210000000000004,50488,16.3,14.0
201,Mott Haven and Melrose (CD1),0.4888888888888889,310310310280280280316316316285285285182182182227227227205205205190190190199199199,21.210000000000004,50488,16.3,4.0
202,Downtown - Heights - Slope,3.3000000000000003,"5,0395,0395,0395,0795,0795,0795,3475,3475,3475,3265,3265,3265,0875,0875,0874,7624,7624,7624,4164,4164,4164,0964,0964,0963,7033,7033,7033,4323,4323,4323,0963,0963,096",20.846666666666668,53300,9.881818181818184,23.0
202,Downtown - Heights - Slope,3.3000000000000003,"5,0395,0395,0395,0795,0795,0795,3475,3475,3475,3265,3265,3265,0875,0875,0874,7624,7624,7624,4164,4164,4164,0964,0964,0963,7033,7033,7033,4323,4323,4323,0963,0963,096",20.846666666666668,53300,9.881818181818184,6.0
202,Downtown - Heights - Slope,3.3000000000000003,"5,0395,0395,0395,0795,0795,0795,3475,3475,3475,3265,3265,3265,0875,0875,0874,7624,7624,7624,4164,4164,4164,0964,0964,0963,7033,7033,7033,4323,4323,4323,0963,0963,096",20.846666666666668,53300,9.881818181818184,24.0
202,Downtown - Heights - Slope,3.3000000000000003,"5,0395,0395,0395,0795,0795,0795,3475,3475,3475,3265,3265,3265,0875,0875,0874,7624,7624,7624,4164,4164,4164,0964,0964,0963,7033,7033,7033,4323,4323,4323,0963,0963,096",20.846666666666668,53300,9.881818181818184,9.0
202,Downtown - Heights - Slope,3.3000000000000003,"5,0395,0395,0395,0795,0795,0795,3475,3475,3475,3265,3265,3265,0875,0875,0874,7624,7624,7624,4164,4164,4164,0964,0964,0963,7033,7033,7033,4323,4323,4323,0963,0963,096",20.846666666666668,53300,9.881818181818184,43.0
202,Hunts Point and Longwood (CD2),0.4888888888888889,310310310280280280316316316285285285182182182227227227205205205190190190199199199,20.846666666666668,50488,16.3,23.0
202,Hunts Point and Longwood (CD2),0.4888888888888889,310310310280280280316316316285285285182182182227227227205205205190190190199199199,20.846666666666668,50488,16.3,6.0
202,Hunts Point and Longwood (CD2),0.4888888888888889,310310310280280280316316316285285285182182182227227227205205205190190190199199199,20.846666666666668,50488,16.3,24.0
202,Hunts Point and Longwood (CD2),0.4888888888888889,310310310280280280316316316285285285182182182227227227205205205190190190199199199,20.846666666666668,50488,16.3,9.0
202,Hunts Point and Longwood (CD2),0.4888888888888889,310310310280280280316316316285285285182182182227227227205205205190190190199199199,20.846666666666668,50488,16.3,43.0
203,Bedford Stuyvesant - Crown Heights,2.063636363636364,"4,3004,3004,3003,9093,9093,9093,6233,6233,6233,2703,2703,2703,2123,2123,2123,2753,2753,2752,9522,9522,9522,8142,8142,8142,4252,4252,4252,1722,1722,1721,7061,7061,706",20.313333333333333,52063,16.754545454545454,8.0
203,Bedford Stuyvesant - Crown Heights,2.063636363636364,"4,3004,3004,3003,9093,9093,9093,6233,6233,6233,2703,2703,2703,2123,2123,2123,2753,2753,2752,9522,9522,9522,8142,8142,8142,4252,4252,4252,1722,1722,1721,7061,7061,706",20.313333333333333,52063,16.754545454545454,55.0
203,Bedford Stuyvesant - Crown Heights,2.063636363636364,"4,3004,3004,3003,9093,9093,9093,6233,6233,6233,2703,2703,2703,2123,2123,2123,2753,2753,2752,9522,9522,9522,8142,8142,8142,4252,4252,4252,1722,1722,1721,7061,7061,706",20.313333333333333,52063,16.754545454545454,107.0
203,Bedford Stuyvesant - Crown Heights,2.063636363636364,"4,3004,3004,3003,9093,9093,9093,6233,6233,6233,2703,2703,2703,2123,2123,2123,2753,2753,2752,9522,9522,9522,8142,8142,8142,4252,4252,4252,1722,1722,1721,7061,7061,706",20.313333333333333,52063,16.754545454545454,37.0
203,Bedford Stuyvesant - Crown Heights,2.063636363636364,"4,3004,3004,3003,9093,9093,9093,6233,6233,6233,2703,2703,2703,2123,2123,2123,2753,2753,2752,9522,9522,9522,8142,8142,8142,4252,4252,4252,1722,1722,1721,7061,7061,706",20.313333333333333,52063,16.754545454545454,13.0
203,Morrisania and Crotona (CD3),0.4111111111111111,989898585858737373178178178218218218317317317323323323353353353349349349,20.313333333333336,50411,20.477777777777774,8.0
203,Morrisania and Crotona (CD3),0.4111111111111111,989898585858737373178178178218218218317317317323323323353353353349349349,20.313333333333336,50411,20.477777777777774,55.0
203,Morrisania and Crotona (CD3),0.4111111111111111,989898585858737373178178178218218218317317317323323323353353353349349349,20.313333333333336,50411,20.477777777777774,107.0
203,Morrisania and Crotona (CD3),0.4111111111111111,989898585858737373178178178218218218317317317323323323353353353349349349,20.313333333333336,50411,20.477777777777774,37.0
203,Morrisania and Crotona (CD3),0.4111111111111111,989898585858737373178178178218218218317317317323323323353353353349349349,20.313333333333336,50411,20.477777777777774,13.0
204,East New York,0.3818181818181818,514514514555555555385385385300300300277277277194194194185185185206206206198198198130130130140140140,19.473333333333333,50381,24.78181818181818,13.0
204,East New York,0.3818181818181818,514514514555555555385385385300300300277277277194194194185185185206206206198198198130130130140140140,19.473333333333333,50381,24.78181818181818,34.0
204,East New York,0.3818181818181818,514514514555555555385385385300300300277277277194194194185185185206206206198198198130130130140140140,19.473333333333333,50381,24.78181818181818,99.0
204,East New York,0.3818181818181818,514514514555555555385385385300300300277277277194194194185185185206206206198198198130130130140140140,19.473333333333333,50381,24.78181818181818,58.0
204,East New York,0.3818181818181818,514514514555555555385385385300300300277277277194194194185185185206206206198198198130130130140140140,19.473333333333333,50381,24.78181818181818,9.0
204,Highbridge and Concourse (CD4),0.3777777777777778,221221221203203203264264264107107107163163163236236236210210210181181181153153153,19.473333333333333,50377,17.711111111111112,13.0
204,Highbridge and Concourse (CD4),0.3777777777777778,221221221203203203264264264107107107163163163236236236210210210181181181153153153,19.473333333333333,50377,17.711111111111112,34.0
204,Highbridge and Concourse (CD4),0.3777777777777778,221221221203203203264264264107107107163163163236236236210210210181181181153153153,19.473333333333333,50377,17.711111111111112,99.0
204,Highbridge and Concourse (CD4),0.3777777777777778,221221221203203203264264264107107107163163163236236236210210210181181181153153153,19.473333333333333,50377,17.711111111111112,58.0
204,Highbridge and Concourse (CD4),0.3777777777777778,221221221203203203264264264107107107163163163236236236210210210181181181153153153,19.473333333333333,50377,17.711111111111112,9.0
205,Fordham and University Heights (CD5),0.2111111111111111,226226226222222222227227227125125125696969353535606060444444666666,19.9,50211,18.42222222222222,18.0
205,Fordham and University Heights (CD5),0.2111111111111111,226226226222222222227227227125125125696969353535606060444444666666,19.9,50211,18.42222222222222,33.0
205,Fordham and University Heights (CD5),0.2111111111111111,226226226222222222227227227125125125696969353535606060444444666666,19.9,50211,18.42222222222222,6.0
205,Fordham and University Heights (CD5),0.2111111111111111,226226226222222222227227227125125125696969353535606060444444666666,19.9,50211,18.42222222222222,27.0
205,Fordham and University Heights (CD5),0.2111111111111111,226226226222222222227227227125125125696969353535606060444444666666,19.9,50211,18.42222222222222,8.0
205,Sunset Park,1.6,"1,2821,2821,2821,1521,1521,1521,0331,0331,033884884884815815815860860860856856856857857857795795795647647647554554554",19.9,51599,19.163636363636364,18.0
205,Sunset Park,1.6,"1,2821,2821,2821,1521,1521,1521,0331,0331,033884884884815815815860860860856856856857857857795795795647647647554554554",19.9,51599,19.163636363636364,33.0
205,Sunset Park,1.6,"1,2821,2821,2821,1521,1521,1521,0331,0331,033884884884815815815860860860856856856857857857795795795647647647554554554",19.9,51599,19.163636363636364,6.0
205,Sunset Park,1.6,"1,2821,2821,2821,1521,1521,1521,0331,0331,033884884884815815815860860860856856856857857857795795795647647647554554554",19.9,51599,19.163636363636364,27.0
205,Sunset Park,1.6,"1,2821,2821,2821,1521,1521,1521,0331,0331,033884884884815815815860860860856856856857857857795795795647647647554554554",19.9,51599,19.163636363636364,8.0
206,Belmont and East Tremont (CD6),0.4111111111111111,989898585858737373178178178218218218317317317323323323353353353349349349,19.446666666666665,50411,20.477777777777774,10.0
206,Belmont and East Tremont (CD6),0.4111111111111111,989898585858737373178178178218218218317317317323323323353353353349349349,19.446666666666665,50411,20.477777777777774,6.0
206,Belmont and East Tremont (CD6),0.4111111111111111,989898585858737373178178178218218218317317317323323323353353353349349349,19.446666666666665,50411,20.477777777777774,14.0
206,Belmont and East Tremont (CD6),0.4111111111111111,989898585858737373178178178218218218317317317323323323353353353349349349,19.446666666666665,50411,20.477777777777774,10.0
206,Belmont and East Tremont (CD6),0.4111111111111111,989898585858737373178178178218218218317317317323323323353353353349349349,19.446666666666665,50411,20.477777777777774,36.0
206,Borough Park,1.3363636363636364,"2,1212,1212,1211,8961,8961,8961,5271,5271,5271,7351,7351,7351,8691,8691,8691,9731,9731,9731,7801,7801,7801,8781,8781,8781,7661,7661,7661,5531,5531,5531,2791,2791,279",19.446666666666665,51336,27.01818181818182,10.0
206,Borough Park,1.3363636363636364,"2,1212,1212,1211,8961,8961,8961,5271,5271,5271,7351,7351,7351,8691,8691,8691,9731,9731,9731,7801,7801,7801,8781,8781,8781,7661,7661,7661,5531,5531,5531,2791,2791,279",19.446666666666665,51336,27.01818181818182,6.0
206,Borough Park,1.3363636363636364,"2,1212,1212,1211,8961,8961,8961,5271,5271,5271,7351,7351,7351,8691,8691,8691,9731,9731,9731,7801,7801,7801,8781,8781,8781,7661,7661,7661,5531,5531,5531,2791,2791,279",19.446666666666665,51336,27.01818181818182,14.0
206,Borough Park,1.3363636363636364,"2,1212,1212,1211,8961,8961,8961,5271,5271,5271,7351,7351,7351,8691,8691,8691,9731,9731,9731,7801,7801,7801,8781,8781,8781,7661,7661,7661,5531,5531,5531,2791,2791,279",19.446666666666665,51336,27.01818181818182,10.0
206,Borough Park,1.3363636363636364,"2,1212,1212,1211,8961,8961,8961,5271,5271,5271,7351,7351,7351,8691,8691,8691,9731,9731,9731,7801,7801,7801,8781,8781,8781,7661,7661,7661,5531,5531,5531,2791,2791,279",19.446666666666665,51336,27.01818181818182,36.0
207,East Flatbush - Flatbush,0.8,"1,7481,7481,7481,5971,5971,5971,4391,4391,4391,5501,5501,5501,4751,4751,4751,2091,2091,209944944944718718718638638638478478478598598598",19.32,50800,23.26363636363636,75.0
207,East Flatbush - Flatbush,0.8,"1,7481,7481,7481,5971,5971,5971,4391,4391,4391,5501,5501,5501,4751,4751,4751,2091,2091,209944944944718718718638638638478478478598598598",19.32,50800,23.26363636363636,37.0
207,East Flatbush - Flatbush,0.8,"1,7481,7481,7481,5971,5971,5971,4391,4391,4391,5501,5501,5501,4751,4751,4751,2091,2091,209944944944718718718638638638478478478598598598",19.32,50800,23.26363636363636,6.0
207,East Flatbush - Flatbush,0.8,"1,7481,7481,7481,5971,5971,5971,4391,4391,4391,5501,5501,5501,4751,4751,4751,2091,2091,209944944944718718718638638638478478478598598598",19.32,50800,23.26363636363636,34.0
207,East Flatbush - Flatbush,0.8,"1,7481,7481,7481,5971,5971,5971,4391,4391,4391,5501,5501,5501,4751,4751,4751,2091,2091,209944944944718718718638638638478478478598598598",19.32,50800,23.26363636363636,11.0
207,Kingsbridge Heights and Bedford (CD7),0.2888888888888888,322322322215215215160160160156156156122122122123123123999999838383787878,19.32,50288,18.211111111111112,75.0
207,Kingsbridge Heights and Bedford (CD7),0.2888888888888888,322322322215215215160160160156156156122122122123123123999999838383787878,19.32,50288,18.211111111111112,37.0
207,Kingsbridge Heights and Bedford (CD7),0.2888888888888888,322322322215215215160160160156156156122122122123123123999999838383787878,19.32,50288,18.211111111111112,6.0
207,Kingsbridge Heights and Bedford (CD7),0.2888888888888888,322322322215215215160160160156156156122122122123123123999999838383787878,19.32,50288,18.211111111111112,34.0
207,Kingsbridge Heights and Bedford (CD7),0.2888888888888888,322322322215215215160160160156156156122122122123123123999999838383787878,19.32,50288,18.211111111111112,11.0
208,Canarsie - Flatlands,0.2454545454545454,304304304257257257299299299306306306273273273234234234208208208142142142152152152150150150157157157,16.19333333333333,50245,44.13636363636363,55.0
208,Canarsie - Flatlands,0.2454545454545454,304304304257257257299299299306306306273273273234234234208208208142142142152152152150150150157157157,16.19333333333333,50245,44.13636363636363,27.0
208,Canarsie - Flatlands,0.2454545454545454,304304304257257257299299299306306306273273273234234234208208208142142142152152152150150150157157157,16.19333333333333,50245,44.13636363636363,11.0
208,Canarsie - Flatlands,0.2454545454545454,304304304257257257299299299306306306273273273234234234208208208142142142152152152150150150157157157,16.19333333333333,50245,44.13636363636363,8.0
208,Canarsie - Flatlands,0.2454545454545454,304304304257257257299299299306306306273273273234234234208208208142142142152152152150150150157157157,16.19333333333333,50245,44.13636363636363,37.0
208,Riverdale and Fieldston (CD8),0.4666666666666667,245245245266266266366366366304304304303303303222222222208208208105105105757575,16.193333333333335,50466,30.6,55.0
208,Riverdale and Fieldston (CD8),0.4666666666666667,245245245266266266366366366304304304303303303222222222208208208105105105757575,16.193333333333335,50466,30.6,27.0
208,Riverdale and Fieldston (CD8),0.4666666666666667,245245245266266266366366366304304304303303303222222222208208208105105105757575,16.193333333333335,50466,30.6,11.0
208,Riverdale and Fieldston (CD8),0.4666666666666667,245245245266266266366366366304304304303303303222222222208208208105105105757575,16.193333333333335,50466,30.6,8.0
208,Riverdale and Fieldston (CD8),0.4666666666666667,245245245266266266366366366304304304303303303222222222208208208105105105757575,16.193333333333335,50466,30.6,37.0
209,Bensonhurst - Bay Ridge,0.6,"1,0891,0891,089976976976658658658566566566506506506464464464470470470423423423339339339372372372295295295",18.290000000000003,50600,31.154545454545453,14.0
209,Bensonhurst - Bay Ridge,0.6,"1,0891,0891,089976976976658658658566566566506506506464464464470470470423423423339339339372372372295295295",18.290000000000003,50600,31.154545454545453,8.0
209,Bensonhurst - Bay Ridge,0.6,"1,0891,0891,089976976976658658658566566566506506506464464464470470470423423423339339339372372372295295295",18.290000000000003,50600,31.154545454545453,9.0
209,Bensonhurst - Bay Ridge,0.6,"1,0891,0891,089976976976658658658566566566506506506464464464470470470423423423339339339372372372295295295",18.290000000000003,50600,31.154545454545453,36.0
209,Bensonhurst - Bay Ridge,0.6,"1,0891,0891,089976976976658658658566566566506506506464464464470470470423423423339339339372372372295295295",18.290000000000003,50600,31.154545454545453,6.0
209,Parkchester and Soundview (CD9),0.3,241241241187187187178178178211211211206206206286286286283283283242242242235235235,18.29,50300,28.83333333333333,14.0
209,Parkchester and Soundview (CD9),0.3,241241241187187187178178178211211211206206206286286286283283283242242242235235235,18.29,50300,28.83333333333333,8.0
209,Parkchester and Soundview (CD9),0.3,241241241187187187178178178211211211206206206286286286283283283242242242235235235,18.29,50300,28.83333333333333,9.0
209,Parkchester and Soundview (CD9),0.3,241241241187187187178178178211211211206206206286286286283283283242242242235235235,18.29,50300,28.83333333333333,36.0
209,Parkchester and Soundview (CD9),0.3,241241241187187187178178178211211211206206206286286286283283283242242242235235235,18.29,50300,28.83333333333333,6.0
210,Coney Island - Sheepshead Bay,0.7090909090909091,"9809809809179179171,0211,0211,0218498498491,0261,0261,0261,0241,0241,024874874874703703703638638638444444444610610610",16.743333333333332,50709,32.83636363636364,10.0
210,Coney Island - Sheepshead Bay,0.7090909090909091,"9809809809179179171,0211,0211,0218498498491,0261,0261,0261,0241,0241,024874874874703703703638638638444444444610610610",16.743333333333332,50709,32.83636363636364,18.0
210,Coney Island - Sheepshead Bay,0.7090909090909091,"9809809809179179171,0211,0211,0218498498491,0261,0261,0261,0241,0241,024874874874703703703638638638444444444610610610",16.743333333333332,50709,32.83636363636364,47.0
210,Coney Island - Sheepshead Bay,0.7090909090909091,"9809809809179179171,0211,0211,0218498498491,0261,0261,0261,0241,0241,024874874874703703703638638638444444444610610610",16.743333333333332,50709,32.83636363636364,12.0
210,Coney Island - Sheepshead Bay,0.7090909090909091,"9809809809179179171,0211,0211,0218498498491,0261,0261,0261,0241,0241,024874874874703703703638638638444444444610610610",16.743333333333332,50709,32.83636363636364,30.0
210,Throgs Neck and Co-op City (CD10),0.1444444444444444,666666525252747474717171929292100100100737373117117117808080,16.743333333333332,50144,49.86666666666667,10.0
210,Throgs Neck and Co-op City (CD10),0.1444444444444444,666666525252747474717171929292100100100737373117117117808080,16.743333333333332,50144,49.86666666666667,18.0
210,Throgs Neck and Co-op City (CD10),0.1444444444444444,666666525252747474717171929292100100100737373117117117808080,16.743333333333332,50144,49.86666666666667,47.0
210,Throgs Neck and Co-op City (CD10),0.1444444444444444,666666525252747474717171929292100100100737373117117117808080,16.743333333333332,50144,49.86666666666667,12.0
210,Throgs Neck and Co-op City (CD10),0.1444444444444444,666666525252747474717171929292100100100737373117117117808080,16.743333333333332,50144,49.86666666666667,30.0
211,Morris Park and Bronxdale (CD11),0.3555555555555555,280280280256256256360360360255255255196196196139139139112112112494949767676,20.14,50355,36.67777777777778,51.0
211,Morris Park and Bronxdale (CD11),0.3555555555555555,280280280256256256360360360255255255196196196139139139112112112494949767676,20.14,50355,36.67777777777778,88.0
211,Morris Park and Bronxdale (CD11),0.3555555555555555,280280280256256256360360360255255255196196196139139139112112112494949767676,20.14,50355,36.67777777777778,32.0
211,Morris Park and Bronxdale (CD11),0.3555555555555555,280280280256256256360360360255255255196196196139139139112112112494949767676,20.14,50355,36.67777777777778,12.0
211,Morris Park and Bronxdale (CD11),0.3555555555555555,280280280256256256360360360255255255196196196139139139112112112494949767676,20.14,50355,36.67777777777778,8.0
211,Williamsburg - Bushwick,2.709090909090909,"3,2823,2823,2823,1353,1353,1353,2693,2693,2693,1603,1603,1602,9282,9282,9282,8832,8832,8832,4712,4712,4712,3602,3602,3602,0512,0512,0511,8831,8831,8831,7221,7221,722",20.14,52709,14.5,51.0
211,Williamsburg - Bushwick,2.709090909090909,"3,2823,2823,2823,1353,1353,1353,2693,2693,2693,1603,1603,1602,9282,9282,9282,8832,8832,8832,4712,4712,4712,3602,3602,3602,0512,0512,0511,8831,8831,8831,7221,7221,722",20.14,52709,14.5,88.0
211,Williamsburg - Bushwick,2.709090909090909,"3,2823,2823,2823,1353,1353,1353,2693,2693,2693,1603,1603,1602,9282,9282,9282,8832,8832,8832,4712,4712,4712,3602,3602,3602,0512,0512,0511,8831,8831,8831,7221,7221,722",20.14,52709,14.5,32.0
211,Williamsburg - Bushwick,2.709090909090909,"3,2823,2823,2823,1353,1353,1353,2693,2693,2693,1603,1603,1602,9282,9282,9282,8832,8832,8832,4712,4712,4712,3602,3602,3602,0512,0512,0511,8831,8831,8831,7221,7221,722",20.14,52709,14.5,12.0
211,Williamsburg - Bushwick,2.709090909090909,"3,2823,2823,2823,1353,1353,1353,2693,2693,2693,1603,1603,1602,9282,9282,9282,8832,8832,8832,4712,4712,4712,3602,3602,3602,0512,0512,0511,8831,8831,8831,7221,7221,722",20.14,52709,14.5,8.0
212,Williamsbridge and Baychester (CD12),0.3333333333333333,30931729821717511997113107,18.35,50333,39.84444444444445,
301,Greenpoint and Williamsburg (CD1),3.0444444444444447,"3,1433,1433,1432,7012,7012,7012,8002,8002,8002,5202,5202,5202,4722,4722,4722,2902,2902,2902,0602,0602,0601,8611,8611,8611,7521,7521,752",20.756666666666664,53044,12.71111111111111,28.0
301,Greenpoint and Williamsburg (CD1),3.0444444444444447,"3,1433,1433,1432,7012,7012,7012,8002,8002,8002,5202,5202,5202,4722,4722,4722,2902,2902,2902,0602,0602,0601,8611,8611,8611,7521,7521,752",20.756666666666664,53044,12.71111111111111,10.0
301,Greenpoint and Williamsburg (CD1),3.0444444444444447,"3,1433,1433,1432,7012,7012,7012,8002,8002,8002,5202,5202,5202,4722,4722,4722,2902,2902,2902,0602,0602,0601,8611,8611,8611,7521,7521,752",20.756666666666664,53044,12.71111111111111,6.0
301,Greenpoint and Williamsburg (CD1),3.0444444444444447,"3,1433,1433,1432,7012,7012,7012,8002,8002,8002,5202,5202,5202,4722,4722,4722,2902,2902,2902,0602,0602,0601,8611,8611,8611,7521,7521,752",20.756666666666664,53044,12.71111111111111,62.0
301,Greenpoint and Williamsburg (CD1),3.0444444444444447,"3,1433,1433,1432,7012,7012,7012,8002,8002,8002,5202,5202,5202,4722,4722,4722,2902,2902,2902,0602,0602,0601,8611,8611,8611,7521,7521,752",20.756666666666664,53044,12.71111111111111,23.0
301,Washington Heights,0.9454545454545455,"1,0801,0801,0801,0931,0931,0931,6891,6891,6891,4511,4511,4511,5301,5301,5301,6781,6781,6781,1951,1951,1951,0611,0611,0611,0391,0391,039941941941750750750",20.756666666666664,50945,11.845454545454544,28.0
301,Washington Heights,0.9454545454545455,"1,0801,0801,0801,0931,0931,0931,6891,6891,6891,4511,4511,4511,5301,5301,5301,6781,6781,6781,1951,1951,1951,0611,0611,0611,0391,0391,039941941941750750750",20.756666666666664,50945,11.845454545454544,10.0
301,Washington Heights,0.9454545454545455,"1,0801,0801,0801,0931,0931,0931,6891,6891,6891,4511,4511,4511,5301,5301,5301,6781,6781,6781,1951,1951,1951,0611,0611,0611,0391,0391,039941941941750750750",20.756666666666664,50945,11.845454545454544,6.0
301,Washington Heights,0.9454545454545455,"1,0801,0801,0801,0931,0931,0931,6891,6891,6891,4511,4511,4511,5301,5301,5301,6781,6781,6781,1951,1951,1951,0611,0611,0611,0391,0391,039941941941750750750",20.756666666666664,50945,11.845454545454544,62.0
301,Washington Heights,0.9454545454545455,"1,0801,0801,0801,0931,0931,0931,6891,6891,6891,4511,4511,4511,5301,5301,5301,6781,6781,6781,1951,1951,1951,0611,0611,0611,0391,0391,039941941941750750750",20.756666666666664,50945,11.845454545454544,23.0
302,Central Harlem - Morningside Heights,1.009090909090909,"1,3521,3521,3521,3951,3951,395966966966865865865855855855719719719597597597516516516476476476467467467437437437",22.313333333333333,51009,9.7,75.0
302,Central Harlem - Morningside Heights,1.009090909090909,"1,3521,3521,3521,3951,3951,395966966966865865865855855855719719719597597597516516516476476476467467467437437437",22.313333333333333,51009,9.7,138.0
302,Central Harlem - Morningside Heights,1.009090909090909,"1,3521,3521,3521,3951,3951,395966966966865865865855855855719719719597597597516516516476476476467467467437437437",22.313333333333333,51009,9.7,8.0
302,Central Harlem - Morningside Heights,1.009090909090909,"1,3521,3521,3521,3951,3951,395966966966865865865855855855719719719597597597516516516476476476467467467437437437",22.313333333333333,51009,9.7,11.0
302,Central Harlem - Morningside Heights,1.009090909090909,"1,3521,3521,3521,3951,3951,395966966966865865865855855855719719719597597597516516516476476476467467467437437437",22.313333333333333,51009,9.7,38.0
302,Fort Greene and Brooklyn Heights (CD2),3.244444444444444,"2,7682,7682,7682,9192,9192,9192,5852,5852,5852,5482,5482,5482,3692,3692,3691,9951,9951,9951,8891,8891,8891,7651,7651,7651,5391,5391,539",22.313333333333336,53244,9.644444444444444,75.0
302,Fort Greene and Brooklyn Heights (CD2),3.244444444444444,"2,7682,7682,7682,9192,9192,9192,5852,5852,5852,5482,5482,5482,3692,3692,3691,9951,9951,9951,8891,8891,8891,7651,7651,7651,5391,5391,539",22.313333333333336,53244,9.644444444444444,138.0
302,Fort Greene and Brooklyn Heights (CD2),3.244444444444444,"2,7682,7682,7682,9192,9192,9192,5852,5852,5852,5482,5482,5482,3692,3692,3691,9951,9951,9951,8891,8891,8891,7651,7651,7651,5391,5391,539",22.313333333333336,53244,9.644444444444444,8.0
302,Fort Greene and Brooklyn Heights (CD2),3.244444444444444,"2,7682,7682,7682,9192,9192,9192,5852,5852,5852,5482,5482,5482,3692,3692,3691,9951,9951,9951,8891,8891,8891,7651,7651,7651,5391,5391,539",22.313333333333336,53244,9.644444444444444,11.0
302,Fort Greene and Brooklyn Heights (CD2),3.244444444444444,"2,7682,7682,7682,9192,9192,9192,5852,5852,5852,5482,5482,5482,3692,3692,3691,9951,9951,9951,8891,8891,8891,7651,7651,7651,5391,5391,539",22.313333333333336,53244,9.644444444444444,38.0
303,Bedford Stuyvesant (CD3),2.5666666666666664,"2,0832,0832,0831,9221,9221,9221,7881,7881,7881,8661,8661,8661,5401,5401,5401,5191,5191,5191,1941,1941,1941,0111,0111,011754754754",21.80333333333333,52566,16.91111111111111,10.0
303,Bedford Stuyvesant (CD3),2.5666666666666664,"2,0832,0832,0831,9221,9221,9221,7881,7881,7881,8661,8661,8661,5401,5401,5401,5191,5191,5191,1941,1941,1941,0111,0111,011754754754",21.80333333333333,52566,16.91111111111111,14.0
303,Bedford Stuyvesant (CD3),2.5666666666666664,"2,0832,0832,0831,9221,9221,9221,7881,7881,7881,8661,8661,8661,5401,5401,5401,5191,5191,5191,1941,1941,1941,0111,0111,011754754754",21.80333333333333,52566,16.91111111111111,45.0
303,Bedford Stuyvesant (CD3),2.5666666666666664,"2,0832,0832,0831,9221,9221,9221,7881,7881,7881,8661,8661,8661,5401,5401,5401,5191,5191,5191,1941,1941,1941,0111,0111,011754754754",21.80333333333333,52566,16.91111111111111,160.0
303,Bedford Stuyvesant (CD3),2.5666666666666664,"2,0832,0832,0831,9221,9221,9221,7881,7881,7881,8661,8661,8661,5401,5401,5401,5191,5191,5191,1941,1941,1941,0111,0111,011754754754",21.80333333333333,52566,16.91111111111111,90.0
303,East Harlem,1.5454545454545454,875875875793793793700700700584584584508508508595595595725725725694694694797797797614614614593593593,21.80333333333333,51545,8.054545454545455,10.0
303,East Harlem,1.5454545454545454,875875875793793793700700700584584584508508508595595595725725725694694694797797797614614614593593593,21.80333333333333,51545,8.054545454545455,14.0
303,East Harlem,1.5454545454545454,875875875793793793700700700584584584508508508595595595725725725694694694797797797614614614593593593,21.80333333333333,51545,8.054545454545455,45.0
303,East Harlem,1.5454545454545454,875875875793793793700700700584584584508508508595595595725725725694694694797797797614614614593593593,21.80333333333333,51545,8.054545454545455,160.0
303,East Harlem,1.5454545454545454,875875875793793793700700700584584584508508508595595595725725725694694694797797797614614614593593593,21.80333333333333,51545,8.054545454545455,90.0
304,Bushwick (CD4),2.833333333333333,"2,0872,0872,0871,9691,9691,9691,9491,9491,9491,9771,9771,9771,8201,8201,8201,6851,6851,6851,6111,6111,6111,4711,4711,4711,3821,3821,382",22.176666666666662,52833,13.477777777777776,40.0
304,Bushwick (CD4),2.833333333333333,"2,0872,0872,0871,9691,9691,9691,9491,9491,9491,9771,9771,9771,8201,8201,8201,6851,6851,6851,6111,6111,6111,4711,4711,4711,3821,3821,382",22.176666666666662,52833,13.477777777777776,18.0
304,Bushwick (CD4),2.833333333333333,"2,0872,0872,0871,9691,9691,9691,9491,9491,9491,9771,9771,9771,8201,8201,8201,6851,6851,6851,6111,6111,6111,4711,4711,4711,3821,3821,382",22.176666666666662,52833,13.477777777777776,8.0
304,Bushwick (CD4),2.833333333333333,"2,0872,0872,0871,9691,9691,9691,9491,9491,9491,9771,9771,9771,8201,8201,8201,6851,6851,6851,6111,6111,6111,4711,4711,4711,3821,3821,382",22.176666666666662,52833,13.477777777777776,5.0
304,Bushwick (CD4),2.833333333333333,"2,0872,0872,0871,9691,9691,9691,9491,9491,9491,9771,9771,9771,8201,8201,8201,6851,6851,6851,6111,6111,6111,4711,4711,4711,3821,3821,382",22.176666666666662,52833,13.477777777777776,35.0
304,Upper West Side,1.8545454545454547,"3,8953,8953,8953,3683,3683,3683,0083,0083,0082,5462,5462,5462,3232,3232,3231,8691,8691,8691,5671,5671,5671,3541,3541,3541,5001,5001,5001,4381,4381,4381,4521,4521,452",22.17666666666667,51854,7.372727272727273,40.0
304,Upper West Side,1.8545454545454547,"3,8953,8953,8953,3683,3683,3683,0083,0083,0082,5462,5462,5462,3232,3232,3231,8691,8691,8691,5671,5671,5671,3541,3541,3541,5001,5001,5001,4381,4381,4381,4521,4521,452",22.17666666666667,51854,7.372727272727273,18.0
304,Upper West Side,1.8545454545454547,"3,8953,8953,8953,3683,3683,3683,0083,0083,0082,5462,5462,5462,3232,3232,3231,8691,8691,8691,5671,5671,5671,3541,3541,3541,5001,5001,5001,4381,4381,4381,4521,4521,452",22.17666666666667,51854,7.372727272727273,8.0
304,Upper West Side,1.8545454545454547,"3,8953,8953,8953,3683,3683,3683,0083,0083,0082,5462,5462,5462,3232,3232,3231,8691,8691,8691,5671,5671,5671,3541,3541,3541,5001,5001,5001,4381,4381,4381,4521,4521,452",22.17666666666667,51854,7.372727272727273,5.0
304,Upper West Side,1.8545454545454547,"3,8953,8953,8953,3683,3683,3683,0083,0083,0082,5462,5462,5462,3232,3232,3231,8691,8691,8691,5671,5671,5671,3541,3541,3541,5001,5001,5001,4381,4381,4381,4521,4521,452",22.17666666666667,51854,7.372727272727273,35.0
305,East New York and Starrett City (CD5),0.2444444444444444,12312312012015615696961121121481481401409292145145,21.48,50244,26.37777777777778,5.0
305,East New York and Starrett City (CD5),0.2444444444444444,12312312012015615696961121121481481401409292145145,21.48,50244,26.37777777777778,7.0
305,East New York and Starrett City (CD5),0.2444444444444444,12312312012015615696961121121481481401409292145145,21.48,50244,26.37777777777778,32.0
305,East New York and Starrett City (CD5),0.2444444444444444,12312312012015615696961121121481481401409292145145,21.48,50244,26.37777777777778,16.0
305,East New York and Starrett City (CD5),0.2444444444444444,12312312012015615696961121121481481401409292145145,21.48,50244,26.37777777777778,6.0
305,Upper East Side,0.9090909090909092,"1,4721,4721,5401,5401,8131,8131,7411,7411,6051,6051,2471,2471,1001,100688688455455416416430430",21.48,50909,9.2,5.0
305,Upper East Side,0.9090909090909092,"1,4721,4721,5401,5401,8131,8131,7411,7411,6051,6051,2471,2471,1001,100688688455455416416430430",21.48,50909,9.2,7.0
305,Upper East Side,0.9090909090909092,"1,4721,4721,5401,5401,8131,8131,7411,7411,6051,6051,2471,2471,1001,100688688455455416416430430",21.48,50909,9.2,32.0
305,Upper East Side,0.9090909090909092,"1,4721,4721,5401,5401,8131,8131,7411,7411,6051,6051,2471,2471,1001,100688688455455416416430430",21.48,50909,9.2,16.0
305,Upper East Side,0.9090909090909092,"1,4721,4721,5401,5401,8131,8131,7411,7411,6051,6051,2471,2471,1001,100688688455455416416430430",21.48,50909,9.2,6.0
306,Chelsea - Clinton,2.3000000000000003,"3,0283,0282,7422,7422,8902,8902,7232,7232,9182,9182,3832,3832,0602,0601,8641,8641,6991,6991,2601,2601,2121,212",24.54,52300,5.4818181818181815,4.0
306,Chelsea - Clinton,2.3000000000000003,"3,0283,0282,7422,7422,8902,8902,7232,7232,9182,9182,3832,3832,0602,0601,8641,8641,6991,6991,2601,2601,2121,212",24.54,52300,5.4818181818181815,18.0
306,Chelsea - Clinton,2.3000000000000003,"3,0283,0282,7422,7422,8902,8902,7232,7232,9182,9182,3832,3832,0602,0601,8641,8641,6991,6991,2601,2601,2121,212",24.54,52300,5.4818181818181815,8.0
306,Chelsea - Clinton,2.3000000000000003,"3,0283,0282,7422,7422,8902,8902,7232,7232,9182,9182,3832,3832,0602,0601,8641,8641,6991,6991,2601,2601,2121,212",24.54,52300,5.4818181818181815,50.0
306,Chelsea - Clinton,2.3000000000000003,"3,0283,0282,7422,7422,8902,8902,7232,7232,9182,9182,3832,3832,0602,0601,8641,8641,6991,6991,2601,2601,2121,212",24.54,52300,5.4818181818181815,26.0
306,Park Slope and Carroll Gardens (CD6),3.1555555555555554,"2,5872,5872,4902,4902,5072,5072,1812,1812,0822,0822,0332,0331,8111,8111,6801,6801,5611,561",24.540000000000003,53155,10.566666666666666,4.0
306,Park Slope and Carroll Gardens (CD6),3.1555555555555554,"2,5872,5872,4902,4902,5072,5072,1812,1812,0822,0822,0332,0331,8111,8111,6801,6801,5611,561",24.540000000000003,53155,10.566666666666666,18.0
306,Park Slope and Carroll Gardens (CD6),3.1555555555555554,"2,5872,5872,4902,4902,5072,5072,1812,1812,0822,0822,0332,0331,8111,8111,6801,6801,5611,561",24.540000000000003,53155,10.566666666666666,8.0
306,Park Slope and Carroll Gardens (CD6),3.1555555555555554,"2,5872,5872,4902,4902,5072,5072,1812,1812,0822,0822,0332,0331,8111,8111,6801,6801,5611,561",24.540000000000003,53155,10.566666666666666,50.0
306,Park Slope and Carroll Gardens (CD6),3.1555555555555554,"2,5872,5872,4902,4902,5072,5072,1812,1812,0822,0822,0332,0331,8111,8111,6801,6801,5611,561",24.540000000000003,53155,10.566666666666666,26.0
307,Gramercy Park - Murray Hill,1.2454545454545454,"1,7281,7281,6601,6601,6111,6111,2101,2101,1961,1961,0721,072863863822822639639474474366366",24.635,51245,6.654545454545455,7.0
307,Gramercy Park - Murray Hill,1.2454545454545454,"1,7281,7281,6601,6601,6111,6111,2101,2101,1961,1961,0721,072863863822822639639474474366366",24.635,51245,6.654545454545455,30.0
307,Gramercy Park - Murray Hill,1.2454545454545454,"1,7281,7281,6601,6601,6111,6111,2101,2101,1961,1961,0721,072863863822822639639474474366366",24.635,51245,6.654545454545455,12.0
307,Gramercy Park - Murray Hill,1.2454545454545454,"1,7281,7281,6601,6601,6111,6111,2101,2101,1961,1961,0721,072863863822822639639474474366366",24.635,51245,6.654545454545455,5.0
307,Gramercy Park - Murray Hill,1.2454545454545454,"1,7281,7281,6601,6601,6111,6111,2101,2101,1961,1961,0721,072863863822822639639474474366366",24.635,51245,6.654545454545455,35.0
307,Sunset Park (CD7),1.7555555555555555,"1,3641,3641,2641,2641,1961,1961,3581,3581,2971,2971,2981,2981,1791,1791,0251,025766766",24.635,51755,17.211111111111112,7.0
307,Sunset Park (CD7),1.7555555555555555,"1,3641,3641,2641,2641,1961,1961,3581,3581,2971,2971,2981,2981,1791,1791,0251,025766766",24.635,51755,17.211111111111112,30.0
307,Sunset Park (CD7),1.7555555555555555,"1,3641,3641,2641,2641,1961,1961,3581,3581,2971,2971,2981,2981,1791,1791,0251,025766766",24.635,51755,17.211111111111112,12.0
307,Sunset Park (CD7),1.7555555555555555,"1,3641,3641,2641,2641,1961,1961,3581,3581,2971,2971,2981,2981,1791,1791,0251,025766766",24.635,51755,17.211111111111112,5.0
307,Sunset Park (CD7),1.7555555555555555,"1,3641,3641,2641,2641,1961,1961,3581,3581,2971,2971,2981,2981,1791,1791,0251,025766766",24.635,51755,17.211111111111112,35.0
308,Crown Heights and Prospect Heights (CD8),2.588888888888889,"2,0422,0421,8661,8661,8331,8331,7941,7941,5511,5511,5991,5991,3061,3061,1931,1931,0151,015",23.08,52588,14.144444444444444,14.0
308,Crown Heights and Prospect Heights (CD8),2.588888888888889,"2,0422,0421,8661,8661,8331,8331,7941,7941,5511,5511,5991,5991,3061,3061,1931,1931,0151,015",23.08,52588,14.144444444444444,6.0
308,Crown Heights and Prospect Heights (CD8),2.588888888888889,"2,0422,0421,8661,8661,8331,8331,7941,7941,5511,5511,5991,5991,3061,3061,1931,1931,0151,015",23.08,52588,14.144444444444444,3.0
308,Crown Heights and Prospect Heights (CD8),2.588888888888889,"2,0422,0421,8661,8661,8331,8331,7941,7941,5511,5511,5991,5991,3061,3061,1931,1931,0151,015",23.08,52588,14.144444444444444,26.0
308,Crown Heights and Prospect Heights (CD8),2.588888888888889,"2,0422,0421,8661,8661,8331,8331,7941,7941,5511,5511,5991,5991,3061,3061,1931,1931,0151,015",23.08,52588,14.144444444444444,5.0
308,Greenwich Village - SoHo,2.9181818181818184,"1,8971,8971,7721,7721,8661,8661,9921,9921,9921,9921,7671,7671,5901,5901,2931,293796796630630652652",23.08,52918,6.027272727272727,14.0
308,Greenwich Village - SoHo,2.9181818181818184,"1,8971,8971,7721,7721,8661,8661,9921,9921,9921,9921,7671,7671,5901,5901,2931,293796796630630652652",23.08,52918,6.027272727272727,6.0
308,Greenwich Village - SoHo,2.9181818181818184,"1,8971,8971,7721,7721,8661,8661,9921,9921,9921,9921,7671,7671,5901,5901,2931,293796796630630652652",23.08,52918,6.027272727272727,3.0
308,Greenwich Village - SoHo,2.9181818181818184,"1,8971,8971,7721,7721,8661,8661,9921,9921,9921,9921,7671,7671,5901,5901,2931,293796796630630652652",23.08,52918,6.027272727272727,26.0
308,Greenwich Village - SoHo,2.9181818181818184,"1,8971,8971,7721,7721,8661,8661,9921,9921,9921,9921,7671,7671,5901,5901,2931,293796796630630652652",23.08,52918,6.027272727272727,5.0
309,South Crown Heights and Lefferts Gardens (CD9),1.0,759759779779805805627627397397314314320320222222194194,22.075,51000,17.38888888888889,90.0
309,South Crown Heights and Lefferts Gardens (CD9),1.0,759759779779805805627627397397314314320320222222194194,22.075,51000,17.38888888888889,29.0
309,South Crown Heights and Lefferts Gardens (CD9),1.0,759759779779805805627627397397314314320320222222194194,22.075,51000,17.38888888888889,42.0
309,South Crown Heights and Lefferts Gardens (CD9),1.0,759759779779805805627627397397314314320320222222194194,22.075,51000,17.38888888888889,10.0
309,South Crown Heights and Lefferts Gardens (CD9),1.0,759759779779805805627627397397314314320320222222194194,22.075,51000,17.38888888888889,7.0
309,Union Square - Lower East Side,4.281818181818182,"4,9504,9504,9774,9774,7554,7555,1775,1774,9944,9944,5164,5164,2084,2084,2544,2543,5093,5092,8112,8112,4042,404",22.075,54281,6.990909090909091,90.0
309,Union Square - Lower East Side,4.281818181818182,"4,9504,9504,9774,9774,7554,7555,1775,1774,9944,9944,5164,5164,2084,2084,2544,2543,5093,5092,8112,8112,4042,404",22.075,54281,6.990909090909091,29.0
309,Union Square - Lower East Side,4.281818181818182,"4,9504,9504,9774,9774,7554,7555,1775,1774,9944,9944,5164,5164,2084,2084,2544,2543,5093,5092,8112,8112,4042,404",22.075,54281,6.990909090909091,42.0
309,Union Square - Lower East Side,4.281818181818182,"4,9504,9504,9774,9774,7554,7555,1775,1774,9944,9944,5164,5164,2084,2084,2544,2543,5093,5092,8112,8112,4042,404",22.075,54281,6.990909090909091,10.0
309,Union Square - Lower East Side,4.281818181818182,"4,9504,9504,9774,9774,7554,7555,1775,1774,9944,9944,5164,5164,2084,2084,2544,2543,5093,5092,8112,8112,4042,404",22.075,54281,6.990909090909091,7.0
310,Bay Ridge and Dyker Heights (CD10),0.5666666666666667,623623462462363363399399339339241241187187198198143143,22.03,50566,32.43333333333333,18.0
310,Bay Ridge and Dyker Heights (CD10),0.5666666666666667,623623462462363363399399339339241241187187198198143143,22.03,50566,32.43333333333333,4.0
310,Bay Ridge and Dyker Heights (CD10),0.5666666666666667,623623462462363363399399339339241241187187198198143143,22.03,50566,32.43333333333333,33.0
310,Bay Ridge and Dyker Heights (CD10),0.5666666666666667,623623462462363363399399339339241241187187198198143143,22.03,50566,32.43333333333333,23.0
310,Bay Ridge and Dyker Heights (CD10),0.5666666666666667,623623462462363363399399339339241241187187198198143143,22.03,50566,32.43333333333333,7.0
310,Lower Manhattan,1.309090909090909,429429446446733733707707661661621621566566244244183183272272223223,22.03,51309,5.609090909090909,18.0
310,Lower Manhattan,1.309090909090909,429429446446733733707707661661621621566566244244183183272272223223,22.03,51309,5.609090909090909,4.0
310,Lower Manhattan,1.309090909090909,429429446446733733707707661661621621566566244244183183272272223223,22.03,51309,5.609090909090909,33.0
310,Lower Manhattan,1.309090909090909,429429446446733733707707661661621621566566244244183183272272223223,22.03,51309,5.609090909090909,23.0
310,Lower Manhattan,1.309090909090909,429429446446733733707707661661621621566566244244183183272272223223,22.03,51309,5.609090909090909,7.0
311,Bensonhurst (CD11),0.8666666666666667,739767777691619717656594638,18.15,50866,28.05555555555556,
312,Borough Park (CD12),1.1111111111111112,599722797814794725546437307,19.03,51111,28.200000000000003,
313,Coney Island (CD13),0.4777777777777777,289196188184209148175171240,15.09,50477,29.22222222222222,
314,Flatbush and Midwood (CD14),1.2444444444444445,"8441,0061,089986932761778641758",18.32,51244,24.744444444444444,
315,Sheepshead Bay (CD15),0.6777777777777777,546443582596452399363234286,16.39,50677,36.41111111111111,
316,Brownsville (CD16),0.3111111111111111,2331138618212712712511972,19.3,50311,21.211111111111112,
317,East Flatbush (CD17),0.2777777777777778,2272492321821671731138583,18.93,50277,27.355555555555554,
318,Flatlands and Canarsie (CD18),0.2666666666666666,368377298275224155178167147,15.71,50266,45.25555555555556,
401,Long Island City - Astoria,1.3545454545454547,"1,9011,9011,9011,7581,7581,7581,8151,8151,8151,5811,5811,5811,6931,6931,6931,5801,5801,5801,5821,5821,5821,5111,5111,5111,4021,4021,4021,0431,0431,043982982982",20.746666666666663,51354,16.89090909090909,42.0
401,Long Island City - Astoria,1.3545454545454547,"1,9011,9011,9011,7581,7581,7581,8151,8151,8151,5811,5811,5811,6931,6931,6931,5801,5801,5801,5821,5821,5821,5111,5111,5111,4021,4021,4021,0431,0431,043982982982",20.746666666666663,51354,16.89090909090909,16.0
401,Long Island City - Astoria,1.3545454545454547,"1,9011,9011,9011,7581,7581,7581,8151,8151,8151,5811,5811,5811,6931,6931,6931,5801,5801,5801,5821,5821,5821,5111,5111,5111,4021,4021,4021,0431,0431,043982982982",20.746666666666663,51354,16.89090909090909,5.0
401,Long Island City - Astoria,1.3545454545454547,"1,9011,9011,9011,7581,7581,7581,8151,8151,8151,5811,5811,5811,6931,6931,6931,5801,5801,5801,5821,5821,5821,5111,5111,5111,4021,4021,4021,0431,0431,043982982982",20.746666666666663,51354,16.89090909090909,9.0
401,Long Island City - Astoria,1.3545454545454547,"1,9011,9011,9011,7581,7581,7581,8151,8151,8151,5811,5811,5811,6931,6931,6931,5801,5801,5801,5821,5821,5821,5111,5111,5111,4021,4021,4021,0431,0431,043982982982",20.746666666666663,51354,16.89090909090909,27.0
401,Long Island City and Astoria (CD1),1.2555555555555555,"1,3131,3131,3131,1861,1861,1861,2811,2811,2811,2551,2551,2551,2411,2411,2411,2281,2281,2281,1521,1521,152854854854815815815",20.746666666666663,51255,18.877777777777776,42.0
401,Long Island City and Astoria (CD1),1.2555555555555555,"1,3131,3131,3131,1861,1861,1861,2811,2811,2811,2551,2551,2551,2411,2411,2411,2281,2281,2281,1521,1521,152854854854815815815",20.746666666666663,51255,18.877777777777776,16.0
401,Long Island City and Astoria (CD1),1.2555555555555555,"1,3131,3131,3131,1861,1861,1861,2811,2811,2811,2551,2551,2551,2411,2411,2411,2281,2281,2281,1521,1521,152854854854815815815",20.746666666666663,51255,18.877777777777776,5.0
401,Long Island City and Astoria (CD1),1.2555555555555555,"1,3131,3131,3131,1861,1861,1861,2811,2811,2811,2551,2551,2551,2411,2411,2411,2281,2281,2281,1521,1521,152854854854815815815",20.746666666666663,51255,18.877777777777776,9.0
401,Long Island City and Astoria (CD1),1.2555555555555555,"1,3131,3131,3131,1861,1861,1861,2811,2811,2811,2551,2551,2551,2411,2411,2411,2281,2281,2281,1521,1521,152854854854815815815",20.746666666666663,51255,18.877777777777776,27.0
402,West Queens,0.8181818181818182,"2,0952,0952,0951,6361,6361,6361,8251,8251,8251,6681,6681,6681,8201,8201,8202,1062,1062,1061,9801,9801,9802,0902,0902,0901,8011,8011,8011,5341,5341,5341,2961,2961,296",20.613333333333333,50818,24.263636363636365,51.0
402,West Queens,0.8181818181818182,"2,0952,0952,0951,6361,6361,6361,8251,8251,8251,6681,6681,6681,8201,8201,8202,1062,1062,1061,9801,9801,9802,0902,0902,0901,8011,8011,8011,5341,5341,5341,2961,2961,296",20.613333333333333,50818,24.263636363636365,12.0
402,West Queens,0.8181818181818182,"2,0952,0952,0951,6361,6361,6361,8251,8251,8251,6681,6681,6681,8201,8201,8202,1062,1062,1061,9801,9801,9802,0902,0902,0901,8011,8011,8011,5341,5341,5341,2961,2961,296",20.613333333333333,50818,24.263636363636365,5.0
402,West Queens,0.8181818181818182,"2,0952,0952,0951,6361,6361,6361,8251,8251,8251,6681,6681,6681,8201,8201,8202,1062,1062,1061,9801,9801,9802,0902,0902,0901,8011,8011,8011,5341,5341,5341,2961,2961,296",20.613333333333333,50818,24.263636363636365,24.0
402,West Queens,0.8181818181818182,"2,0952,0952,0951,6361,6361,6361,8251,8251,8251,6681,6681,6681,8201,8201,8202,1062,1062,1061,9801,9801,9802,0902,0902,0901,8011,8011,8011,5341,5341,5341,2961,2961,296",20.613333333333333,50818,24.263636363636365,7.0
402,Woodside and Sunnyside (CD2),0.8,931931931667667667702702702689689689603603603542542542455455455375375375414414414,20.61333333333333,50800,19.366666666666667,51.0
402,Woodside and Sunnyside (CD2),0.8,931931931667667667702702702689689689603603603542542542455455455375375375414414414,20.61333333333333,50800,19.366666666666667,12.0
402,Woodside and Sunnyside (CD2),0.8,931931931667667667702702702689689689603603603542542542455455455375375375414414414,20.61333333333333,50800,19.366666666666667,5.0
402,Woodside and Sunnyside (CD2),0.8,931931931667667667702702702689689689603603603542542542455455455375375375414414414,20.61333333333333,50800,19.366666666666667,24.0
402,Woodside and Sunnyside (CD2),0.8,931931931667667667702702702689689689603603603542542542455455455375375375414414414,20.61333333333333,50800,19.366666666666667,7.0
403,Flushing - Clearview,0.2909090909090909,493493493340340340336336336322322322331331331339339339185185185244244244355355355356356356327327327,19.16,50290,49.4,6.0
403,Flushing - Clearview,0.2909090909090909,493493493340340340336336336322322322331331331339339339185185185244244244355355355356356356327327327,19.16,50290,49.4,25.0
403,Flushing - Clearview,0.2909090909090909,493493493340340340336336336322322322331331331339339339185185185244244244355355355356356356327327327,19.16,50290,49.4,5.0
403,Flushing - Clearview,0.2909090909090909,493493493340340340336336336322322322331331331339339339185185185244244244355355355356356356327327327,19.16,50290,49.4,30.0
403,Flushing - Clearview,0.2909090909090909,493493493340340340336336336322322322331331331339339339185185185244244244355355355356356356327327327,19.16,50290,49.4,6.0
403,Jackson Heights (CD3),0.977777777777778,"7817817817877877878388388388958958959229229221,0821,0821,082999999999740740740673673673",19.16,50977,23.37777777777778,6.0
403,Jackson Heights (CD3),0.977777777777778,"7817817817877877878388388388958958959229229221,0821,0821,082999999999740740740673673673",19.16,50977,23.37777777777778,25.0
403,Jackson Heights (CD3),0.977777777777778,"7817817817877877878388388388958958959229229221,0821,0821,082999999999740740740673673673",19.16,50977,23.37777777777778,5.0
403,Jackson Heights (CD3),0.977777777777778,"7817817817877877878388388388958958959229229221,0821,0821,082999999999740740740673673673",19.16,50977,23.37777777777778,30.0
403,Jackson Heights (CD3),0.977777777777778,"7817817817877877878388388388958958959229229221,0821,0821,082999999999740740740673673673",19.16,50977,23.37777777777778,6.0
404,Bayside - Little Neck,0.1181818181818181,70706868505042423939363620205757323249496767,18.925,50118,62.46363636363637,2.0
404,Bayside - Little Neck,0.1181818181818181,70706868505042423939363620205757323249496767,18.925,50118,62.46363636363637,2.0
404,Bayside - Little Neck,0.1181818181818181,70706868505042423939363620205757323249496767,18.925,50118,62.46363636363637,3.0
404,Bayside - Little Neck,0.1181818181818181,70706868505042423939363620205757323249496767,18.925,50118,62.46363636363637,10.0
404,Bayside - Little Neck,0.1181818181818181,70706868505042423939363620205757323249496767,18.925,50118,62.46363636363637,24.0
404,Elmhurst and Corona (CD4),0.7888888888888889,469469475475581581733733704704642642491491463463260260,18.925,50788,20.244444444444444,2.0
404,Elmhurst and Corona (CD4),0.7888888888888889,469469475475581581733733704704642642491491463463260260,18.925,50788,20.244444444444444,2.0
404,Elmhurst and Corona (CD4),0.7888888888888889,469469475475581581733733704704642642491491463463260260,18.925,50788,20.244444444444444,3.0
404,Elmhurst and Corona (CD4),0.7888888888888889,469469475475581581733733704704642642491491463463260260,18.925,50788,20.244444444444444,10.0
404,Elmhurst and Corona (CD4),0.7888888888888889,469469475475581581733733704704642642491491463463260260,18.925,50788,20.244444444444444,24.0
405,Ridgewood - Forest Hills,0.5363636363636364,"1,1211,1211,121881881881739739739669669669695695695723723723758758758650650650588588588368368368293293293",18.7,50536,31.509090909090908,24.0
405,Ridgewood - Forest Hills,0.5363636363636364,"1,1211,1211,121881881881739739739669669669695695695723723723758758758650650650588588588368368368293293293",18.7,50536,31.509090909090908,9.0
405,Ridgewood - Forest Hills,0.5363636363636364,"1,1211,1211,121881881881739739739669669669695695695723723723758758758650650650588588588368368368293293293",18.7,50536,31.509090909090908,5.0
405,Ridgewood - Forest Hills,0.5363636363636364,"1,1211,1211,121881881881739739739669669669695695695723723723758758758650650650588588588368368368293293293",18.7,50536,31.509090909090908,28.0
405,Ridgewood - Forest Hills,0.5363636363636364,"1,1211,1211,121881881881739739739669669669695695695723723723758758758650650650588588588368368368293293293",18.7,50536,31.509090909090908,7.0
405,Ridgewood and Maspeth (CD5),0.7222222222222222,745745745661661661693693693672672672661661661643643643588588588374374374368368368,18.7,50722,37.23333333333333,24.0
405,Ridgewood and Maspeth (CD5),0.7222222222222222,745745745661661661693693693672672672661661661643643643588588588374374374368368368,18.7,50722,37.23333333333333,9.0
405,Ridgewood and Maspeth (CD5),0.7222222222222222,745745745661661661693693693672672672661661661643643643588588588374374374368368368,18.7,50722,37.23333333333333,5.0
405,Ridgewood and Maspeth (CD5),0.7222222222222222,745745745661661661693693693672672672661661661643643643588588588374374374368368368,18.7,50722,37.23333333333333,28.0
405,Ridgewood and Maspeth (CD5),0.7222222222222222,745745745661661661693693693672672672661661661643643643588588588374374374368368368,18.7,50722,37.23333333333333,7.0
406,Fresh Meadows,0.109090909090909,77771211210013135050454558585858393921212323,18.72,50109,52.25454545454545,10.0
406,Fresh Meadows,0.109090909090909,77771211210013135050454558585858393921212323,18.72,50109,52.25454545454545,5.0
406,Fresh Meadows,0.109090909090909,77771211210013135050454558585858393921212323,18.72,50109,52.25454545454545,34.0
406,Fresh Meadows,0.109090909090909,77771211210013135050454558585858393921212323,18.72,50109,52.25454545454545,6.0
406,Fresh Meadows,0.109090909090909,77771211210013135050454558585858393921212323,18.72,50109,52.25454545454545,25.0
406,Rego Park and Forest Hills (CD6),0.2111111111111111,1401401421421131131651651891891141141061061391394141,18.72,50211,27.5,10.0
406,Rego Park and Forest Hills (CD6),0.2111111111111111,1401401421421131131651651891891141141061061391394141,18.72,50211,27.5,5.0
406,Rego Park and Forest Hills (CD6),0.2111111111111111,1401401421421131131651651891891141141061061391394141,18.72,50211,27.5,34.0
406,Rego Park and Forest Hills (CD6),0.2111111111111111,1401401421421131131651651891891141141061061391394141,18.72,50211,27.5,6.0
406,Rego Park and Forest Hills (CD6),0.2111111111111111,1401401421421131131651651891891141141061061391394141,18.72,50211,27.5,25.0
407,Flushing and Whitestone (CD7),0.2777777777777778,315315315301301301311311311320320320174174174208208208309309309312312312287287287,18.116666666666667,50277,48.888888888888886,38.0
407,Flushing and Whitestone (CD7),0.2777777777777778,315315315301301301311311311320320320174174174208208208309309309312312312287287287,18.116666666666667,50277,48.888888888888886,5.0
407,Flushing and Whitestone (CD7),0.2777777777777778,315315315301301301311311311320320320174174174208208208309309309312312312287287287,18.116666666666667,50277,48.888888888888886,16.0
407,Flushing and Whitestone (CD7),0.2777777777777778,315315315301301301311311311320320320174174174208208208309309309312312312287287287,18.116666666666667,50277,48.888888888888886,10.0
407,Flushing and Whitestone (CD7),0.2777777777777778,315315315301301301311311311320320320174174174208208208309309309312312312287287287,18.116666666666667,50277,48.888888888888886,26.0
407,Southwest Queens,0.2909090909090909,395395395569569569525525525483483483403403403415415415276276276251251251234234234288288288366366366,18.116666666666667,50290,42.80909090909091,38.0
407,Southwest Queens,0.2909090909090909,395395395569569569525525525483483483403403403415415415276276276251251251234234234288288288366366366,18.116666666666667,50290,42.80909090909091,5.0
407,Southwest Queens,0.2909090909090909,395395395569569569525525525483483483403403403415415415276276276251251251234234234288288288366366366,18.116666666666667,50290,42.80909090909091,16.0
407,Southwest Queens,0.2909090909090909,395395395569569569525525525483483483403403403415415415276276276251251251234234234288288288366366366,18.116666666666667,50290,42.80909090909091,10.0
407,Southwest Queens,0.2909090909090909,395395395569569569525525525483483483403403403415415415276276276251251251234234234288288288366366366,18.116666666666667,50290,42.80909090909091,26.0
408,Hillcrest and Fresh Meadows (CD8),0.1111111111111111,575757848484838383818181888888828282474747505050129129129,17.68,50111,45.47777777777778,23.0
408,Hillcrest and Fresh Meadows (CD8),0.1111111111111111,575757848484838383818181888888828282474747505050129129129,17.68,50111,45.47777777777778,59.0
408,Hillcrest and Fresh Meadows (CD8),0.1111111111111111,575757848484838383818181888888828282474747505050129129129,17.68,50111,45.47777777777778,6.0
408,Hillcrest and Fresh Meadows (CD8),0.1111111111111111,575757848484838383818181888888828282474747505050129129129,17.68,50111,45.47777777777778,28.0
408,Hillcrest and Fresh Meadows (CD8),0.1111111111111111,575757848484838383818181888888828282474747505050129129129,17.68,50111,45.47777777777778,9.0
408,Jamaica,0.1545454545454545,315315315255255255252252252296296296220220220185185185192192192216216216172172172186186186248248248,17.680000000000003,50154,41.763636363636365,23.0
408,Jamaica,0.1545454545454545,315315315255255255252252252296296296220220220185185185192192192216216216172172172186186186248248248,17.680000000000003,50154,41.763636363636365,59.0
408,Jamaica,0.1545454545454545,315315315255255255252252252296296296220220220185185185192192192216216216172172172186186186248248248,17.680000000000003,50154,41.763636363636365,6.0
408,Jamaica,0.1545454545454545,315315315255255255252252252296296296220220220185185185192192192216216216172172172186186186248248248,17.680000000000003,50154,41.763636363636365,28.0
408,Jamaica,0.1545454545454545,315315315255255255252252252296296296220220220185185185192192192216216216172172172186186186248248248,17.680000000000003,50154,41.763636363636365,9.0
409,Kew Gardens and Woodhaven (CD9),0.3777777777777777,395395395356356356347347347343343343168168168151151151149149149189189189266266266,17.213333333333335,50377,35.74444444444445,11.0
409,Kew Gardens and Woodhaven (CD9),0.3777777777777777,395395395356356356347347347343343343168168168151151151149149149189189189266266266,17.213333333333335,50377,35.74444444444445,3.0
409,Kew Gardens and Woodhaven (CD9),0.3777777777777777,395395395356356356347347347343343343168168168151151151149149149189189189266266266,17.213333333333335,50377,35.74444444444445,35.0
409,Kew Gardens and Woodhaven (CD9),0.3777777777777777,395395395356356356347347347343343343168168168151151151149149149189189189266266266,17.213333333333335,50377,35.74444444444445,6.0
409,Kew Gardens and Woodhaven (CD9),0.3777777777777777,395395395356356356347347347343343343168168168151151151149149149189189189266266266,17.213333333333335,50377,35.74444444444445,22.0
409,Southeast Queens,0.1727272727272727,295295295388388388313313313376376376309309309271271271245245245146146146959595143143143217217217,17.213333333333335,50172,64.96363636363637,11.0
409,Southeast Queens,0.1727272727272727,295295295388388388313313313376376376309309309271271271245245245146146146959595143143143217217217,17.213333333333335,50172,64.96363636363637,3.0
409,Southeast Queens,0.1727272727272727,295295295388388388313313313376376376309309309271271271245245245146146146959595143143143217217217,17.213333333333335,50172,64.96363636363637,35.0
409,Southeast Queens,0.1727272727272727,295295295388388388313313313376376376309309309271271271245245245146146146959595143143143217217217,17.213333333333335,50172,64.96363636363637,6.0
409,Southeast Queens,0.1727272727272727,295295295388388388313313313376376376309309309271271271245245245146146146959595143143143217217217,17.213333333333335,50172,64.96363636363637,22.0
410,Rockaways,0.8454545454545455,416416416266266266287287287234234234228228228341341341512512512564564564526526526460460460420420420,14.246666666666668,50845,50.64545454545454,33.0
410,Rockaways,0.8454545454545455,416416416266266266287287287234234234228228228341341341512512512564564564526526526460460460420420420,14.246666666666668,50845,50.64545454545454,46.0
410,Rockaways,0.8454545454545455,416416416266266266287287287234234234228228228341341341512512512564564564526526526460460460420420420,14.246666666666668,50845,50.64545454545454,10.0
410,Rockaways,0.8454545454545455,416416416266266266287287287234234234228228228341341341512512512564564564526526526460460460420420420,14.246666666666668,50845,50.64545454545454,9.0
410,Rockaways,0.8454545454545455,416416416266266266287287287234234234228228228341341341512512512564564564526526526460460460420420420,14.246666666666668,50845,50.64545454545454,44.0
410,South Ozone Park and Howard Beach (CD10),0.1666666666666666,130130130127127127565656727272108108108100100100858585999999100100100,14.246666666666668,50166,50.2,33.0
410,South Ozone Park and Howard Beach (CD10),0.1666666666666666,130130130127127127565656727272108108108100100100858585999999100100100,14.246666666666668,50166,50.2,46.0
410,South Ozone Park and Howard Beach (CD10),0.1666666666666666,130130130127127127565656727272108108108100100100858585999999100100100,14.246666666666668,50166,50.2,10.0
410,South Ozone Park and Howard Beach (CD10),0.1666666666666666,130130130127127127565656727272108108108100100100858585999999100100100,14.246666666666668,50166,50.2,9.0
410,South Ozone Park and Howard Beach (CD10),0.1666666666666666,130130130127127127565656727272108108108100100100858585999999100100100,14.246666666666668,50166,50.2,44.0
411,Bayside and Little Neck (CD11),0.1444444444444444,71708073521158693136,16.94,50144,62.82222222222222,
412,Jamaica and Hollis (CD12),0.1555555555555555,195218166131141170156157142,17.79,50155,42.422222222222224,
413,Queens Village (CD13),0.1555555555555555,17920318115015292535281,16.49,50155,59.35555555555556,
414,Rockaway and Broad Channel (CD14),0.8888888888888888,287234228341512564526460420,12.55,50888,50.27777777777778,
501,Claremont-Bathgate,0.1444444444444444,5544555555000044445353,16.69,50144,19.155555555555555,44.0
501,Claremont-Bathgate,0.1444444444444444,5544555555000044445353,16.69,50144,19.155555555555555,58.0
501,Claremont-Bathgate,0.1444444444444444,5544555555000044445353,16.69,50144,19.155555555555555,10.0
501,Claremont-Bathgate,0.1444444444444444,5544555555000044445353,16.69,50144,19.155555555555555,11.0
501,Claremont-Bathgate,0.1444444444444444,5544555555000044445353,16.69,50144,19.155555555555555,38.0
501,Melrose-Mott Haven-Port Morris (CD 1),0.7,129129320320,16.689999999999998,50700,16.3,44.0
501,Melrose-Mott Haven-Port Morris (CD 1),0.7,129129320320,16.689999999999998,50700,16.3,58.0
501,Melrose-Mott Haven-Port Morris (CD 1),0.7,129129320320,16.689999999999998,50700,16.3,10.0
501,Melrose-Mott Haven-Port Morris (CD 1),0.7,129129320320,16.689999999999998,50700,16.3,11.0
501,Melrose-Mott Haven-Port Morris (CD 1),0.7,129129320320,16.689999999999998,50700,16.3,38.0
501,Port Richmond,0.209090909090909,262631313535363650504848747455553535119119141141,16.69,50209,58.809090909090905,44.0
501,Port Richmond,0.209090909090909,262631313535363650504848747455553535119119141141,16.69,50209,58.809090909090905,58.0
501,Port Richmond,0.209090909090909,262631313535363650504848747455553535119119141141,16.69,50209,58.809090909090905,10.0
501,Port Richmond,0.209090909090909,262631313535363650504848747455553535119119141141,16.69,50209,58.809090909090905,11.0
501,Port Richmond,0.209090909090909,262631313535363650504848747455553535119119141141,16.69,50209,58.809090909090905,38.0
501,St. George and Stapleton (CD1),0.3,257257287287224224193193248248198198124124216216208208,16.69,50300,55.73333333333333,44.0
501,St. George and Stapleton (CD1),0.3,257257287287224224193193248248198198124124216216208208,16.69,50300,55.73333333333333,58.0
501,St. George and Stapleton (CD1),0.3,257257287287224224193193248248198198124124216216208208,16.69,50300,55.73333333333333,10.0
501,St. George and Stapleton (CD1),0.3,257257287287224224193193248248198198124124216216208208,16.69,50300,55.73333333333333,11.0
501,St. George and Stapleton (CD1),0.3,257257287287224224193193248248198198124124216216208208,16.69,50300,55.73333333333333,38.0
502,Longwood-Hunts Point (CD 2),0.8500000000000001,177177159159,13.91,50850,22.0,30.0
502,Longwood-Hunts Point (CD 2),0.8500000000000001,177177159159,13.91,50850,22.0,12.0
502,Longwood-Hunts Point (CD 2),0.8500000000000001,177177159159,13.91,50850,22.0,49.0
502,Longwood-Hunts Point (CD 2),0.8500000000000001,177177159159,13.91,50850,22.0,12.0
502,Longwood-Hunts Point (CD 2),0.8500000000000001,177177159159,13.91,50850,22.0,47.0
502,South Beach and Willowbrook (CD2),0.1222222222222222,1181181141148181484867673737424240405757,13.91,50122,64.85555555555555,30.0
502,South Beach and Willowbrook (CD2),0.1222222222222222,1181181141148181484867673737424240405757,13.91,50122,64.85555555555555,12.0
502,South Beach and Willowbrook (CD2),0.1222222222222222,1181181141148181484867673737424240405757,13.91,50122,64.85555555555555,49.0
502,South Beach and Willowbrook (CD2),0.1222222222222222,1181181141148181484867673737424240405757,13.91,50122,64.85555555555555,12.0
502,South Beach and Willowbrook (CD2),0.1222222222222222,1181181141148181484867673737424240405757,13.91,50122,64.85555555555555,47.0
502,Stapleton - St. George,0.3727272727272727,2802802162163003003283282022021621622052051551551081081021029292,13.909999999999998,50372,52.56363636363637,30.0
502,Stapleton - St. George,0.3727272727272727,2802802162163003003283282022021621622052051551551081081021029292,13.909999999999998,50372,52.56363636363637,12.0
502,Stapleton - St. George,0.3727272727272727,2802802162163003003283282022021621622052051551551081081021029292,13.909999999999998,50372,52.56363636363637,49.0
502,Stapleton - St. George,0.3727272727272727,2802802162163003003283282022021621622052051551551081081021029292,13.909999999999998,50372,52.56363636363637,12.0
502,Stapleton - St. George,0.3727272727272727,2802802162163003003283282022021621622052051551551081081021029292,13.909999999999998,50372,52.56363636363637,47.0
503,Eastchester-Edenwald-Baychester,0.4888888888888889,16416410810813513511111148483636575711111212,12.75,50488,41.58888888888889,10.0
503,Eastchester-Edenwald-Baychester,0.4888888888888889,16416410810813513511111148483636575711111212,12.75,50488,41.58888888888889,13.0
503,Eastchester-Edenwald-Baychester,0.4888888888888889,16416410810813513511111148483636575711111212,12.75,50488,41.58888888888889,15.0
503,Eastchester-Edenwald-Baychester,0.4888888888888889,16416410810813513511111148483636575711111212,12.75,50488,41.58888888888889,42.0
503,Eastchester-Edenwald-Baychester,0.4888888888888889,16416410810813513511111148483636575711111212,12.75,50488,41.58888888888889,11.0
503,Morrisania-Crotona Park East (CD 3),0.35,1621627474,12.75,50350,22.15,10.0
503,Morrisania-Crotona Park East (CD 3),0.35,1621627474,12.75,50350,22.15,13.0
503,Morrisania-Crotona Park East (CD 3),0.35,1621627474,12.75,50350,22.15,15.0
503,Morrisania-Crotona Park East (CD 3),0.35,1621627474,12.75,50350,22.15,42.0
503,Morrisania-Crotona Park East (CD 3),0.35,1621627474,12.75,50350,22.15,11.0
503,Tottenville and Great Kills (CD3),0.0444444444444444,848479795252222227272424181844443636,12.75,50044,71.85555555555555,10.0
503,Tottenville and Great Kills (CD3),0.0444444444444444,848479795252222227272424181844443636,12.75,50044,71.85555555555555,13.0
503,Tottenville and Great Kills (CD3),0.0444444444444444,848479795252222227272424181844443636,12.75,50044,71.85555555555555,15.0
503,Tottenville and Great Kills (CD3),0.0444444444444444,848479795252222227272424181844443636,12.75,50044,71.85555555555555,42.0
503,Tottenville and Great Kills (CD3),0.0444444444444444,848479795252222227272424181844443636,12.75,50044,71.85555555555555,11.0
503,Willowbrook,0.0909090909090909,27272323404037374848262631312020181826262424,12.75,50090,68.3,10.0
503,Willowbrook,0.0909090909090909,27272323404037374848262631312020181826262424,12.75,50090,68.3,13.0
503,Willowbrook,0.0909090909090909,27272323404037374848262631312020181826262424,12.75,50090,68.3,15.0
503,Willowbrook,0.0909090909090909,27272323404037374848262631312020181826262424,12.75,50090,68.3,42.0
503,Willowbrook,0.0909090909090909,27272323404037374848262631312020181826262424,12.75,50090,68.3,11.0
504,Highbridge-Concourse (CD 4),0.45,277255,11.7,50450,16.5,7.0
504,Highbridge-Concourse (CD 4),0.45,277255,11.7,50450,16.5,10.0
504,Highbridge-Concourse (CD 4),0.45,277255,11.7,50450,16.5,11.0
504,Highbridge-Concourse (CD 4),0.45,277255,11.7,50450,16.5,42.0
504,Highbridge-Concourse (CD 4),0.45,277255,11.7,50450,16.5,10.0
504,South Beach - Tottenville,0.0636363636363636,7580847957273229235344,11.7,50063,70.54545454545455,7.0
504,South Beach - Tottenville,0.0636363636363636,7580847957273229235344,11.7,50063,70.54545454545455,10.0
504,South Beach - Tottenville,0.0636363636363636,7580847957273229235344,11.7,50063,70.54545454545455,11.0
504,South Beach - Tottenville,0.0636363636363636,7580847957273229235344,11.7,50063,70.54545454545455,42.0
504,South Beach - Tottenville,0.0636363636363636,7580847957273229235344,11.7,50063,70.54545454545455,10.0
